city,date,fare,ride_id
Lake Jonathanshire,2019-01-14,13.83,5.73941E+12
South Michelleport,2019-03-04,30.24,2.34391E+12
Port Samanthamouth,2019-02-24,33.44,2.00507E+12
Rodneyfort,2019-02-10,23.44,5.14925E+12
South Jack,2019-03-06,34.58,3.90845E+12
South Latoya,2019-03-11,9.52,1.995E+12
New Paulville,2019-02-27,43.25,7.93208E+11
Simpsonburgh,2019-04-26,35.98,1.11954E+11
South Karenland,2019-01-08,35.09,7.99562E+12
North Jasmine,2019-03-09,42.81,5.32764E+12
New Kimberlyborough,2019-02-07,9.34,7.99278E+12
West Angela,2019-01-12,26.86,4.82005E+12
Rodneyfort,2019-03-02,44.26,2.49406E+12
West Angela,2019-01-10,12.74,2.10872E+12
Roberthaven,2019-05-04,25.66,1.0262E+12
North Jason,2019-03-28,9.19,7.00702E+12
Williamsview,2019-01-03,18.93,1.97949E+12
Leahton,2019-02-26,8.85,6.96667E+12
West Anthony,2019-03-06,10.02,9.39676E+12
New Kimberlyborough,2019-04-25,29.67,4.82357E+12
Roberthaven,2019-02-24,7.8,2.18057E+12
New Paulton,2019-05-01,8.28,8.5271E+12
West Patrickchester,2019-03-19,40.86,8.98889E+11
Deanville,2019-04-25,41.52,6.05593E+12
West Josephberg,2019-02-19,36.39,3.32213E+12
West Samuelburgh,2019-05-03,41.12,7.33084E+12
West Heidi,2019-03-14,24.4,4.90857E+12
Loganberg,2019-04-01,8.23,6.78729E+11
Huntermouth,2019-02-10,25.79,1.88038E+12
South Latoya,2019-01-11,27.41,8.6623E+12
New Paulville,2019-03-18,25.05,5.0318E+12
Grahamburgh,2019-01-15,40.69,3.07021E+11
Port Frank,2019-02-02,41.47,6.74661E+12
East Kaylahaven,2019-02-28,25.96,3.66252E+12
Rodneyfort,2019-02-03,44.86,2.3257E+12
South Karenland,2019-02-12,36.01,4.01593E+12
West Robert,2019-02-15,12.28,1.4425E+12
North Markport,2019-02-18,38.09,9.25013E+11
Williamsview,2019-03-12,8.35,1.94044E+12
Richardfort,2019-02-24,13.93,5.62855E+12
New Kimberlyborough,2019-03-14,27.9,6.7508E+12
Reynoldsfurt,2019-03-25,34.06,6.60442E+12
South Karenland,2019-05-08,41.33,5.68892E+12
Rodneyfort,2019-04-25,21.7,8.5346E+12
Justinberg,2019-04-23,14.65,9.87823E+12
West Josephberg,2019-03-05,12.91,1.02685E+11
South Karenland,2019-03-03,37.3,4.104E+12
Leahton,2019-05-05,17.05,5.84659E+12
Martinezhaven,2019-03-19,5.3,2.64338E+11
North Jason,2019-03-03,28.02,2.67055E+12
Jerryton,2019-03-03,28.08,6.00341E+12
Lake Scottton,2019-02-18,25.02,3.90934E+12
South Evanton,2019-02-14,42.5,9.95366E+12
Rogerston,2019-05-08,32.69,1.64341E+12
West Samuelburgh,2019-05-02,38.77,2.93169E+12
West Ericstad,2019-04-24,7.31,4.29248E+12
New Paulville,2019-03-10,4.43,1.21392E+12
Hurleymouth,2019-05-04,21.44,4.03966E+12
West Samuelburgh,2019-03-03,25.17,1.78175E+12
Joneschester,2019-03-01,34.71,3.34326E+12
New Paulville,2019-04-03,32.7,9.56256E+12
Simpsonburgh,2019-01-19,15.83,2.33191E+11
Port Angela,2019-04-17,16.34,7.12053E+12
West Ericstad,2019-04-04,28.52,6.43285E+12
New Kimberlyborough,2019-03-16,17.19,2.77047E+12
Joneschester,2019-01-30,36.78,1.66403E+12
North Markport,2019-04-26,44.37,1.62842E+12
Hurleymouth,2019-03-22,32.85,8.44929E+12
Barajasview,2019-01-15,19.52,8.26811E+12
Grahamburgh,2019-04-06,23.87,1.46825E+12
South Michelleport,2019-03-02,33.12,8.13844E+11
Loganberg,2019-01-07,16.26,9.04538E+12
West Christopherberg,2019-03-18,12.64,1.06109E+12
Rogerston,2019-02-23,14.04,7.64714E+12
Huntermouth,2019-02-24,39.12,9.28039E+11
New Jacobville,2019-02-09,7.11,3.85505E+12
Lake Jonathanshire,2019-04-07,31.25,4.44125E+12
Port David,2019-03-17,33.11,1.02568E+12
Martinezhaven,2019-02-20,13.34,2.76069E+12
Port Frank,2019-04-19,26.47,6.72271E+12
Valentineton,2019-03-02,39.77,6.77039E+12
Hurleymouth,2019-03-03,36.31,1.67035E+11
Carriemouth,2019-02-25,32.37,6.91843E+12
Port Samanthamouth,2019-04-16,9.2,8.71225E+12
Williamsstad,2019-01-23,19.62,1.25986E+11
Royland,2019-01-07,24.5,3.62085E+12
New Jacobville,2019-01-05,34.11,2.82852E+12
Roberthaven,2019-03-06,12.38,3.37296E+12
South Evanton,2019-01-07,43.61,9.1225E+12
New Paulton,2019-05-03,21.67,9.08656E+12
Karenberg,2019-03-11,36.15,7.79676E+12
Rodneyfort,2019-01-30,16.99,5.77873E+12
East Kaylahaven,2019-04-04,23.18,57422927996
Huntermouth,2019-02-19,7.05,1.61652E+12
Barajasview,2019-01-23,37.68,4.10845E+12
Williamsstad,2019-03-29,35.58,4.74778E+12
North Jason,2019-03-08,25.21,3.18008E+12
Christopherfurt,2019-04-17,23.3,7.81906E+12
Liumouth,2019-01-11,36.78,1.46452E+12
Johnton,2019-01-17,32.19,8.5263E+12
West Angela,2019-03-08,41.06,6.20487E+12
Jerryton,2019-01-04,37.2,5.63787E+12
Erikaland,2019-02-18,20.62,3.29415E+12
North Jason,2019-02-07,20,4.7365E+11
Lake Scottton,2019-05-05,18.77,4.05382E+11
Simpsonburgh,2019-03-22,22.05,3.49518E+12
Raymondhaven,2019-03-12,16.98,6.4477E+12
West Robert,2019-04-05,44.58,4.24601E+12
North Jason,2019-03-18,6.41,2.86583E+12
Port Samanthamouth,2019-01-23,35.51,3.11686E+12
West Robert,2019-01-21,27.11,1.36991E+12
Jerryton,2019-01-05,37.91,1.58708E+12
Port Samanthamouth,2019-02-03,18.03,9.29219E+12
Liumouth,2019-01-15,14.55,4.37935E+12
West Heidi,2019-04-03,24.76,1.82023E+12
Loganberg,2019-01-21,22.86,1.9543E+12
Grahamburgh,2019-02-17,30.25,4.04793E+12
Raymondhaven,2019-05-06,25.76,8.72102E+12
Karenside,2019-01-25,14.52,2.65236E+12
Port Frank,2019-04-06,18.08,5.47489E+12
Leahton,2019-04-02,22.76,5.80873E+12
Port Samanthamouth,2019-04-22,29.67,3.15406E+12
Jerryton,2019-04-13,32.08,8.49918E+12
West Patrickchester,2019-03-07,23.66,3.06609E+12
West Samuelburgh,2019-03-03,27.48,1.00531E+11
North Markport,2019-03-31,29.41,3.09347E+12
West Angela,2019-03-10,27.1,1.36532E+12
Grahamburgh,2019-03-12,22.97,4.89801E+12
South Michelleport,2019-01-08,23.77,4.91616E+12
East Kaylahaven,2019-04-02,9.67,2.08846E+12
South Karenland,2019-04-22,22.86,6.72815E+12
Lake Danielberg,2019-02-24,9.63,9.14933E+12
Justinberg,2019-04-26,8.83,1.82309E+12
Karenberg,2019-04-29,28.41,9.05285E+12
South Phillip,2019-02-09,7.89,3.20319E+12
North Madeline,2019-04-05,29.69,2.40703E+11
New Kimberlyborough,2019-05-01,22.59,9.25093E+12
South Jack,2019-04-24,38.04,2.19799E+12
Erikaland,2019-03-11,27.39,1.32014E+11
New Paulville,2019-03-27,7.29,7.04676E+12
Hurleymouth,2019-03-26,41.15,4.70726E+12
Liumouth,2019-04-12,43.34,7.85723E+12
Deanville,2019-05-01,8.28,5.92955E+11
Karenside,2019-04-02,41.93,4.09361E+12
West Angela,2019-01-30,19.13,2.07814E+12
Liumouth,2019-02-01,24.81,5.47007E+12
Jerryton,2019-03-27,13.29,8.95984E+12
South Phillip,2019-05-04,28.3,8.69657E+12
Port Johnbury,2019-04-27,25.67,2.74633E+12
Raymondhaven,2019-02-08,5.7,3.93003E+12
Port David,2019-03-07,42.04,9.90596E+12
Robertport,2019-03-06,6.73,9.67976E+12
Loganberg,2019-03-16,23.99,9.4929E+12
Karenside,2019-04-19,36.01,1.32274E+12
Lake Jonathanshire,2019-03-09,19.89,2.3895E+12
Pattyland,2019-01-30,8.57,4.68889E+12
West Robert,2019-04-13,32.94,9.60361E+12
Justinberg,2019-04-12,17.03,8.37476E+12
West Josephberg,2019-02-09,4.42,8.30379E+12
North Markport,2019-01-21,27.68,4.55676E+12
Williamsview,2019-01-09,44.46,2.19553E+12
Raymondhaven,2019-02-01,13.86,8.72105E+12
South Latoya,2019-02-12,30.22,7.38842E+12
Deanville,2019-03-29,5.32,2.61267E+12
Amandaburgh,2019-03-05,26.28,9.06851E+11
Jerryton,2019-01-27,29.08,6.16053E+12
Deanville,2019-03-24,30.55,5.27611E+12
West Anthony,2019-01-23,23.24,5.96601E+11
West Anthony,2019-02-24,39.2,8.49141E+12
West Heidi,2019-03-30,22.41,1.71135E+12
Royland,2019-01-01,7.57,5.81538E+12
South Latoya,2019-03-02,10.35,3.38289E+11
Johnton,2019-01-08,43.75,1.95319E+11
West Angela,2019-01-30,32.31,7.28868E+12
Rodneyfort,2019-01-08,29.4,1.18425E+12
Royland,2019-01-02,10.19,6.68201E+11
New Paulville,2019-01-31,20.8,1.09284E+12
Huntermouth,2019-04-09,35.11,3.00561E+12
New Paulville,2019-01-30,7.02,8.50496E+12
Justinberg,2019-05-03,36.06,9.29542E+11
Port Angela,2019-03-31,30.77,6.62264E+11
Port Angela,2019-04-09,11.9,7.00981E+12
Christopherfurt,2019-01-05,33.51,1.90103E+12
South Michelleport,2019-04-22,43.62,4.66361E+12
Williamsstad,2019-02-13,33.72,3.79671E+12
Lake Jonathanshire,2019-04-07,24.28,7.79681E+12
Robertport,2019-03-20,20.21,9.63092E+12
Port Angela,2019-02-08,30.38,5.16554E+12
Barajasview,2019-02-08,24.49,2.61217E+12
South Evanton,2019-01-24,17.83,2.99666E+12
Lake Danielberg,2019-02-13,43.96,1.00024E+11
Royland,2019-04-19,25.4,9.84776E+12
Rodneyfort,2019-02-08,30.02,2.49702E+12
East Kaylahaven,2019-01-17,40.82,6.34249E+12
West Christopherberg,2019-01-17,9.04,5.15485E+12
New Jacobville,2019-01-15,27.24,3.81296E+12
Lake Jonathanshire,2019-01-02,13.89,4.24255E+11
Port Samanthamouth,2019-04-25,25.5,1.16913E+12
West Heidi,2019-03-26,22.33,8.26311E+11
Karenside,2019-04-14,13.13,3.65961E+12
Valentineton,2019-02-01,9.68,2.1321E+12
Raymondhaven,2019-02-23,4.24,2.94151E+11
Carriemouth,2019-03-11,16.78,1.51939E+12
West Josephberg,2019-01-16,7.04,2.50708E+12
Port Samanthamouth,2019-03-01,43.25,1.38918E+12
Karenberg,2019-03-30,24.64,4.53933E+12
New Paulton,2019-03-10,28,1.06716E+12
Joneschester,2019-02-07,6.34,2.60546E+12
North Jasmine,2019-02-08,4.86,1.27663E+12
Valentineton,2019-02-27,25.4,6.15236E+12
New Paulton,2019-02-20,24.29,7.73813E+12
South Evanton,2019-04-28,22.86,7.58536E+12
North Jasmine,2019-01-22,31.68,7.12302E+11
West Anthony,2019-03-17,35.42,4.56132E+12
Jerryton,2019-04-29,41.27,9.02958E+11
Grahamburgh,2019-01-09,13.55,5.4626E+12
South Jack,2019-03-30,4.2,4.81767E+12
West Christopherberg,2019-01-23,30.93,5.33568E+12
Lake Scottton,2019-03-26,9.79,1.8279E+12
West Patrickchester,2019-01-14,24.82,5.93494E+12
Royland,2019-01-17,27.92,3.14727E+12
South Karenland,2019-02-14,39.53,2.86164E+12
Erikaland,2019-03-27,36.52,2.19595E+12
Rodneyfort,2019-03-20,42.57,6.35495E+12
Williamsstad,2019-05-01,26.81,4.54295E+12
Richardfort,2019-02-13,14,9.1005E+11
West Ericstad,2019-01-25,20.03,3.27648E+12
Grahamburgh,2019-03-05,4.33,8.03729E+11
North Barbara,2019-05-04,24.09,9.27509E+12
West Robert,2019-01-04,35.35,9.55429E+12
Justinberg,2019-03-14,36.32,6.77169E+12
South Michelleport,2019-03-03,41.62,2.33978E+12
North Jasmine,2019-02-22,25.33,1.31997E+12
Barajasview,2019-03-01,28.25,7.22583E+12
Carriemouth,2019-04-04,12.91,4.27669E+12
Amandaburgh,2019-02-24,43.66,6.57382E+12
Johnton,2019-03-27,18.89,3.63407E+12
Port Angela,2019-03-04,40.35,4.93081E+12
Rodneyfort,2019-05-06,27.16,3.7655E+12
Amandaburgh,2019-02-10,36.17,6.45562E+12
North Madeline,2019-02-25,13.58,4.93284E+12
West Angela,2019-03-01,30.3,9.67353E+12
Joneschester,2019-01-03,25.47,5.54018E+12
Joneschester,2019-01-03,17.97,5.43931E+12
South Phillip,2019-01-29,35.23,7.41823E+12
Liumouth,2019-03-30,4.66,3.16444E+12
West Anthony,2019-01-10,32.34,1.47932E+12
North Jason,2019-02-26,13.88,2.49498E+12
North Jason,2019-03-21,10.42,6.60154E+12
Carriemouth,2019-04-28,11.46,6.99185E+12
Huntermouth,2019-05-04,36.77,7.18662E+12
South Phillip,2019-04-18,39.95,9.71902E+12
South Jack,2019-02-01,28.37,3.37201E+12
Port Johnbury,2019-05-05,25.3,2.54102E+12
South Phillip,2019-05-06,43.43,2.4352E+12
North Jasmine,2019-04-10,38.24,2.955E+12
South Michelleport,2019-01-27,15.45,7.46526E+12
North Madeline,2019-04-07,32.99,1.81935E+12
Christopherfurt,2019-02-24,40.33,9.58419E+12
Williamsstad,2019-02-23,4.68,9.10997E+12
Martinezhaven,2019-04-18,34.7,2.02309E+12
Simpsonburgh,2019-04-03,4.74,8.55633E+12
New Jacobville,2019-02-04,27.63,4.32915E+12
South Karenland,2019-02-12,5.78,8.89044E+12
Royland,2019-01-27,24.56,9.65671E+12
Karenside,2019-01-22,24.72,5.32673E+12
West Robert,2019-05-05,10.15,9.39218E+12
Port Samanthamouth,2019-04-27,12.84,5.65991E+12
West Samuelburgh,2019-03-07,14.55,7.16036E+12
New Kimberlyborough,2019-03-29,42.51,8.29694E+12
Port David,2019-03-27,15.64,5.33848E+12
Karenside,2019-03-18,36.96,7.60514E+12
New Paulton,2019-02-08,39.65,8.50596E+12
West Ericstad,2019-01-08,32.99,6.68834E+12
Port Johnbury,2019-03-21,32.8,5.45093E+12
Port Samanthamouth,2019-03-27,16.05,1.41228E+12
Port Frank,2019-01-08,42.13,2.09916E+12
Lake Jonathanshire,2019-04-06,16.84,6.16445E+12
West Angela,2019-02-05,36.37,7.83243E+12
Port Samanthamouth,2019-03-27,21.46,9.99154E+12
North Madeline,2019-03-04,21.38,9.54449E+12
Williamsview,2019-01-15,44.33,4.62703E+12
Grahamburgh,2019-02-21,22.65,8.16396E+11
South Evanton,2019-03-06,30.87,5.81192E+12
Loganberg,2019-03-27,4.72,6.12069E+12
Carriemouth,2019-02-21,44.18,4.52859E+12
Port David,2019-01-02,7.45,6.14835E+12
West Heidi,2019-01-30,30.84,8.93656E+12
Williamsstad,2019-03-05,25.02,1.31321E+12
North Barbara,2019-02-04,42.59,4.97125E+12
Lake Danielberg,2019-03-17,10.18,4.7144E+12
North Markport,2019-04-13,20.09,4.31121E+12
Port Angela,2019-05-02,35.76,7.94596E+12
Port Samanthamouth,2019-03-15,25.97,7.72596E+12
West Angela,2019-05-03,24.07,7.80819E+12
Leahton,2019-02-21,24.13,6.75967E+12
North Markport,2019-04-28,40.46,2.56789E+12
Karenside,2019-03-09,40.86,1.75754E+12
Jerryton,2019-01-07,7.86,7.0733E+11
South Michelleport,2019-04-14,37.93,1.53327E+12
Valentineton,2019-03-25,22.53,2.33505E+12
East Kaylahaven,2019-04-09,10.03,8.03681E+12
Erikaland,2019-04-13,25.22,4.84717E+12
West Christopherberg,2019-01-08,37.78,8.76706E+12
Pattyland,2019-02-01,32.03,2.85024E+12
Deanville,2019-02-08,21.22,4.78681E+12
West Christopherberg,2019-03-21,43.87,5.08548E+12
Justinberg,2019-03-23,30.58,3.5033E+12
Lake Danielberg,2019-02-24,34.82,2.44227E+12
Port Samanthamouth,2019-01-30,38.78,6.11983E+12
Lake Danielberg,2019-02-28,44.96,6.31959E+12
Deanville,2019-04-15,24.3,1.0653E+12
Pattyland,2019-02-15,44.03,1.55666E+12
Karenside,2019-01-27,7.65,4.7323E+11
Port Angela,2019-04-22,7.91,6.76731E+12
West Angela,2019-04-14,32.77,4.99573E+12
South Karenland,2019-03-26,35.5,1.48239E+12
New Jacobville,2019-02-18,39.97,8.0287E+12
Roberthaven,2019-03-14,36.84,4.12341E+12
Lake Scottton,2019-04-24,5.31,9.66834E+12
Amandaburgh,2019-01-11,29.24,7.2799E+12
Reynoldsfurt,2019-05-05,14.95,1.40473E+12
West Patrickchester,2019-02-09,16.1,9.11233E+12
Christopherfurt,2019-04-13,37.22,3.28805E+12
South Evanton,2019-04-27,27.78,9.37758E+12
Lake Scottton,2019-02-07,10.76,4.20125E+12
Roberthaven,2019-03-14,35.27,4.03456E+12
Rodneyfort,2019-03-04,28.69,2.75698E+11
West Josephberg,2019-02-17,41.49,2.82133E+12
Lake Jonathanshire,2019-03-21,37.95,8.35366E+12
Simpsonburgh,2019-02-05,25.58,2.0387E+12
West Heidi,2019-03-19,5.65,2.47479E+12
North Barbara,2019-03-23,23.76,5.55027E+12
North Jasmine,2019-03-11,37.93,4.22138E+12
West Gabriel,2019-04-29,36.7,4.1035E+12
Liumouth,2019-04-14,31.63,6.16629E+12
Carriemouth,2019-03-02,28.04,5.13854E+12
West Robert,2019-03-24,34.9,9.47233E+12
North Jasmine,2019-05-02,29.86,3.19899E+12
Carriemouth,2019-03-21,44.64,9.56084E+12
Lake Scottton,2019-02-15,22.75,8.38204E+12
North Madeline,2019-04-12,7.77,9.27334E+12
Lake Danielberg,2019-01-07,17.39,4.35554E+12
North Madeline,2019-04-30,37.48,2.50813E+12
Port David,2019-01-07,20.49,5.84626E+12
Royland,2019-02-11,30.41,7.2001E+12
West Samuelburgh,2019-02-20,19.65,6.62379E+12
West Angela,2019-03-18,34.05,5.33241E+12
West Patrickchester,2019-03-06,32.37,3.68467E+12
Port Frank,2019-02-05,20.1,4.44307E+12
New Kimberlyborough,2019-02-09,39.55,6.01005E+12
Justinberg,2019-04-20,29.07,2.09655E+11
West Angela,2019-04-18,16.18,5.7701E+12
Justinberg,2019-03-10,37.89,5.56313E+12
Valentineton,2019-01-10,19.91,7.74511E+11
Williamsview,2019-04-07,18.92,23948941587
South Jack,2019-01-31,21.75,6.97116E+12
Port Frank,2019-02-18,39.06,7.30185E+12
Leahton,2019-02-13,16.79,4.74479E+12
South Michelleport,2019-02-22,22.52,8.52274E+12
South Karenland,2019-04-25,24.86,1.30771E+12
Richardfort,2019-02-16,17.92,8.20639E+11
Williamsstad,2019-04-16,23.12,9.69458E+11
South Michelleport,2019-02-12,27.7,5.58288E+12
West Patrickchester,2019-04-13,33.33,1.83406E+12
Martinezhaven,2019-04-18,5.81,2.12425E+12
North Jason,2019-01-23,21.95,6.7018E+12
North Jason,2019-04-18,22.42,4.92779E+12
Lake Scottton,2019-05-03,9.01,1.28976E+12
West Christopherberg,2019-03-01,11.97,6.42255E+12
North Markport,2019-04-10,38.02,8.83453E+12
Christopherfurt,2019-04-09,29.96,9.82584E+12
North Madeline,2019-01-29,17.57,2.59646E+12
Richardfort,2019-02-01,10.26,9.55494E+12
South Phillip,2019-01-25,38.15,3.59916E+12
East Kaylahaven,2019-02-11,43.19,8.67104E+12
Rodneyfort,2019-04-11,36.3,9.04891E+12
Pattyland,2019-04-26,19.99,8.82778E+12
South Karenland,2019-03-24,41.44,6.04857E+11
Port David,2019-03-24,28.84,5.26678E+12
Rodneyfort,2019-03-10,29.13,4.63491E+12
New Paulton,2019-02-02,17.19,8.50043E+12
Williamsstad,2019-03-12,18.67,2.16183E+12
South Michelleport,2019-01-29,9.79,5.52906E+12
West Christopherberg,2019-03-21,21.41,7.7034E+12
Lake Scottton,2019-03-25,36.92,7.04364E+12
Port Angela,2019-03-19,17.21,1.69421E+12
Christopherfurt,2019-04-17,32.39,6.53652E+11
Joneschester,2019-02-27,33.34,2.38609E+12
Loganberg,2019-01-25,26.03,9.12375E+12
South Phillip,2019-02-19,33.07,8.51816E+12
Deanville,2019-01-23,42.45,7.28621E+12
New Kimberlyborough,2019-01-30,29.09,8.58712E+12
Port Johnbury,2019-04-11,9.1,7.80475E+12
West Patrickchester,2019-04-19,44.5,8.63832E+12
West Robert,2019-01-11,5.16,1.59259E+12
New Paulton,2019-03-28,14.94,3.70349E+12
South Latoya,2019-03-19,31.72,3.63818E+11
Robertport,2019-02-18,43.47,7.99569E+12
Valentineton,2019-01-19,6.71,9.05271E+12
South Latoya,2019-01-18,10.98,7.14419E+12
Simpsonburgh,2019-01-12,24.83,3.15166E+12
West Patrickchester,2019-02-12,22.64,4.55373E+12
Richardfort,2019-04-17,23,7.20021E+11
Hurleymouth,2019-02-20,17.07,7.0237E+12
Leahton,2019-01-27,29.36,2.92181E+12
West Anthony,2019-04-29,27.04,4.37535E+12
New Kimberlyborough,2019-01-05,39.47,2.81269E+12
South Latoya,2019-03-19,40.29,6.60213E+11
Williamsstad,2019-04-12,17.57,7.09968E+12
South Karenland,2019-02-01,31.64,9.37735E+12
North Jason,2019-04-16,24.07,9.72612E+12
West Angela,2019-01-27,9.24,2.62313E+12
Lake Danielberg,2019-02-08,10.31,2.46453E+12
Port Samanthamouth,2019-04-06,24.18,8.48462E+12
New Jacobville,2019-02-09,37.51,5.69207E+12
New Kimberlyborough,2019-03-10,10.83,1.55858E+12
New Kimberlyborough,2019-01-08,13.34,6.26984E+11
Karenberg,2019-03-05,44.1,9.22678E+12
South Phillip,2019-04-11,21.06,4.8321E+12
Loganberg,2019-01-20,38.66,7.23915E+12
Carriemouth,2019-05-01,10.97,8.79211E+12
West Patrickchester,2019-01-21,19.44,2.08837E+12
Martinezhaven,2019-02-07,4.31,9.33333E+12
Karenside,2019-01-08,22.64,2.41162E+12
North Jason,2019-03-24,32.72,7.96029E+12
Lake Danielberg,2019-03-28,28.53,9.80825E+12
Pattyland,2019-04-03,14.06,5.39901E+12
Pattyland,2019-02-21,7.06,5.80846E+12
Loganberg,2019-01-11,44.34,1.37654E+12
Leahton,2019-02-28,9.08,8.1975E+12
Reynoldsfurt,2019-01-17,24.84,5.00018E+12
Raymondhaven,2019-02-22,7.64,7.31172E+12
South Latoya,2019-02-12,5.54,8.3976E+11
Lake Scottton,2019-01-18,31.92,5.70629E+12
Port David,2019-02-24,35.63,3.35453E+12
Roberthaven,2019-04-05,31.09,1.01622E+12
Rogerston,2019-03-24,39.6,9.19619E+12
Karenberg,2019-04-27,44.73,3.80072E+12
Martinezhaven,2019-04-14,32.57,9.71302E+11
South Evanton,2019-01-20,25.94,3.43171E+12
North Jasmine,2019-04-26,35.33,6.85733E+12
Hurleymouth,2019-01-12,10.64,8.1256E+12
West Robert,2019-03-07,12.22,2.7056E+12
Deanville,2019-04-21,33.37,7.76308E+12
South Michelleport,2019-01-09,10.68,3.23691E+12
Royland,2019-02-02,42.52,7.83542E+12
Rodneyfort,2019-04-10,25.4,9.06037E+12
North Madeline,2019-01-12,20.82,8.11479E+12
Lake Danielberg,2019-04-28,39.82,7.8891E+12
Port Johnbury,2019-05-02,42.42,3.24538E+12
Richardfort,2019-04-21,9.54,3.69815E+12
Liumouth,2019-03-22,33.1,3.67856E+12
Roberthaven,2019-01-21,23.14,4.93914E+12
Amandaburgh,2019-01-21,9.26,5.52843E+12
South Evanton,2019-04-25,26.84,1.53924E+12
Port Samanthamouth,2019-03-25,34.94,8.21747E+11
South Michelleport,2019-03-13,10.44,5.68486E+12
North Madeline,2019-01-14,31.88,8.713E+12
Hurleymouth,2019-03-17,29.95,5.22518E+12
Port David,2019-04-10,26.68,5.36139E+12
Pattyland,2019-02-10,24.39,7.26485E+12
Liumouth,2019-03-17,19.05,9.11827E+12
Robertport,2019-04-03,15.14,6.66972E+12
Hurleymouth,2019-04-01,9.94,4.06343E+12
West Samuelburgh,2019-04-17,15.03,4.02153E+12
South Phillip,2019-03-18,17.57,8.431E+12
West Josephberg,2019-01-29,7.58,6.14297E+12
Roberthaven,2019-02-16,14.95,6.65368E+12
West Christopherberg,2019-03-27,21.55,2.20181E+12
Christopherfurt,2019-03-30,31.3,7.45713E+12
Hurleymouth,2019-02-01,22.39,6.07173E+12
Port Frank,2019-03-16,30.24,1.45421E+12
Lake Danielberg,2019-01-16,20.07,8.44861E+12
West Ericstad,2019-03-28,22.28,3.13527E+12
Karenside,2019-03-11,44.29,3.26916E+12
South Evanton,2019-03-17,36.31,2.78352E+12
West Heidi,2019-05-05,37.75,3.64677E+12
Robertport,2019-02-28,13.39,6.81044E+11
South Jack,2019-01-05,13.14,6.80975E+12
West Josephberg,2019-02-28,11.1,3.52953E+12
Port Frank,2019-03-26,28.83,8.89805E+11
Barajasview,2019-02-19,26.83,9.37248E+11
Justinberg,2019-01-03,5.81,9.26116E+12
North Barbara,2019-04-17,39.18,3.50329E+12
West Angela,2019-03-08,4.92,5.44515E+12
South Latoya,2019-03-19,30.03,9.56033E+12
Hurleymouth,2019-01-18,4.66,8.62288E+12
Johnton,2019-04-05,22.87,1.03062E+12
Carriemouth,2019-03-27,38.69,4.40712E+12
Reynoldsfurt,2019-04-19,13.63,7.99008E+12
Christopherfurt,2019-03-16,19.61,2.29037E+12
Liumouth,2019-04-28,5.42,8.02692E+12
New Kimberlyborough,2019-03-19,15.78,6.41496E+12
Martinezhaven,2019-03-07,23.55,7.38533E+12
East Kaylahaven,2019-04-06,35.79,8.9306E+12
Simpsonburgh,2019-04-26,33.71,2.59748E+12
Lake Jonathanshire,2019-01-28,5.67,9.75657E+12
Robertport,2019-04-19,39.57,3.97034E+12
South Karenland,2019-03-20,33.24,3.09727E+12
Raymondhaven,2019-03-07,17.66,9.25756E+12
Port David,2019-02-18,20.16,1.84743E+12
Royland,2019-02-20,38.28,3.61665E+12
East Kaylahaven,2019-01-29,41.62,7.15722E+12
Valentineton,2019-02-23,19.99,9.65841E+12
Martinezhaven,2019-03-12,21.18,4.04681E+12
South Phillip,2019-02-19,28.62,4.40803E+12
Royland,2019-05-04,15.14,4.98829E+12
West Heidi,2019-02-05,24.32,4.26277E+11
East Kaylahaven,2019-02-28,33.72,1.22492E+12
New Kimberlyborough,2019-04-03,14.73,9.08311E+12
South Karenland,2019-01-10,37.58,7.16597E+12
Richardfort,2019-02-03,29.04,4.98267E+12
Justinberg,2019-03-10,22.43,5.55274E+12
Huntermouth,2019-03-21,32.42,3.39325E+12
Roberthaven,2019-03-22,34.69,1.77299E+12
West Heidi,2019-03-11,43.45,4.65488E+12
Raymondhaven,2019-02-17,39.7,3.25174E+12
Karenside,2019-04-16,39.32,3.15594E+12
Rogerston,2019-03-16,43.82,4.71896E+12
Port Johnbury,2019-04-28,36.42,2.73966E+11
West Josephberg,2019-01-18,43.85,9.65466E+12
North Jasmine,2019-02-05,19.21,6.78509E+12
Loganberg,2019-04-10,35.97,8.82801E+12
Barajasview,2019-04-15,17.76,8.09825E+12
New Paulton,2019-04-17,44.43,3.38361E+11
West Angela,2019-01-19,40.4,7.40626E+11
North Jasmine,2019-02-18,31.49,9.75908E+12
North Barbara,2019-02-11,43.26,8.9735E+12
Rogerston,2019-03-02,25.14,1.72262E+12
Williamsstad,2019-02-21,4.9,7.17645E+12
South Jack,2019-01-14,40.65,5.44057E+12
West Anthony,2019-04-15,43.82,4.3815E+12
Royland,2019-02-12,44.33,5.32459E+12
West Angela,2019-04-03,23.52,4.84305E+12
Liumouth,2019-02-22,6.39,8.11653E+12
Amandaburgh,2019-04-19,6.27,4.40063E+12
West Ericstad,2019-01-23,10.12,8.03585E+12
South Jack,2019-01-15,5.58,1.7939E+12
Barajasview,2019-05-02,17.12,4.62892E+12
Amandaburgh,2019-03-20,27.45,3.70101E+12
East Kaylahaven,2019-03-17,8.62,1.95343E+12
Port Samanthamouth,2019-01-27,28.46,8.8265E+11
New Paulville,2019-01-25,15.04,7.52944E+12
West Anthony,2019-04-03,10.56,3.76287E+12
Raymondhaven,2019-01-06,21.19,9.47362E+12
Rogerston,2019-01-03,36.28,7.09035E+12
Port David,2019-04-02,41.14,2.69444E+12
North Markport,2019-02-08,34.69,2.74219E+12
West Angela,2019-03-04,20.72,1.78473E+12
South Michelleport,2019-04-21,21.98,5.89381E+12
Port Frank,2019-02-10,40.82,6.38624E+12
Rogerston,2019-02-14,19.42,8.77069E+12
Joneschester,2019-04-02,10.52,4.97037E+12
South Karenland,2019-03-17,23.26,5.56551E+11
West Angela,2019-05-05,23.66,9.18827E+12
Royland,2019-02-10,11.24,4.94954E+12
Christopherfurt,2019-01-30,6.32,4.28978E+12
Barajasview,2019-04-09,39.36,1.80161E+12
Christopherfurt,2019-02-08,25.76,9.51781E+11
Leahton,2019-01-13,9.37,4.66966E+12
Port Angela,2019-04-15,20.16,6.49009E+12
Loganberg,2019-01-13,41.86,7.04561E+12
West Heidi,2019-02-24,40.8,4.27425E+12
Robertport,2019-02-24,8.48,2.89277E+12
Karenside,2019-03-14,16.31,8.81835E+12
West Christopherberg,2019-03-20,42.83,6.89841E+12
West Gabriel,2019-01-15,13.38,7.56092E+12
Simpsonburgh,2019-04-01,25.65,2.86964E+12
West Robert,2019-05-04,5.36,9.79948E+12
Loganberg,2019-02-17,44.47,3.54107E+12
West Anthony,2019-04-20,11.85,4.27467E+12
Jerryton,2019-05-01,4.97,8.0964E+12
North Jasmine,2019-03-04,42.58,8.86458E+12
North Madeline,2019-01-26,5.59,3.67644E+12
Royland,2019-03-25,7.09,5.6603E+12
New Paulton,2019-01-21,18.3,3.72117E+12
Richardfort,2019-02-08,16.55,2.27046E+12
Barajasview,2019-02-03,39.39,9.438E+12
Pattyland,2019-04-18,28.66,2.3424E+12
West Christopherberg,2019-02-17,4.4,4.35311E+12
Grahamburgh,2019-02-25,14.51,6.15711E+12
New Kimberlyborough,2019-04-11,12.01,1.35529E+11
North Madeline,2019-05-02,11.94,7.52666E+12
Simpsonburgh,2019-04-12,22.45,7.81139E+12
Martinezhaven,2019-02-16,15.33,9.81061E+12
West Heidi,2019-03-30,11.15,2.26487E+12
Christopherfurt,2019-04-12,22.91,5.92812E+12
Karenside,2019-04-28,39.41,4.71119E+12
Rogerston,2019-04-01,28.54,9.9631E+12
West Samuelburgh,2019-02-19,17.77,7.60898E+12
Joneschester,2019-03-17,15.35,2.30717E+12
West Heidi,2019-02-27,35.19,6.99827E+12
West Heidi,2019-03-02,23.55,6.47807E+12
Roberthaven,2019-03-30,16.2,2.94949E+12
Karenberg,2019-04-07,16.11,4.80609E+12
Port Angela,2019-03-08,23.06,2.75074E+12
Hurleymouth,2019-02-07,36.7,1.74818E+11
Simpsonburgh,2019-03-31,24.16,9.70976E+12
South Jack,2019-03-14,18.66,3.5116E+12
New Jacobville,2019-03-10,10.63,6.50454E+11
Williamsstad,2019-04-16,32.43,7.17782E+12
Port Johnbury,2019-03-27,38.99,4.11568E+12
North Jasmine,2019-02-17,35.11,6.62098E+12
South Jack,2019-01-03,4.95,9.0056E+12
Pattyland,2019-04-23,13.01,9.34529E+12
Raymondhaven,2019-02-16,24.31,8.96062E+12
Joneschester,2019-04-24,9.78,9.67059E+11
North Jason,2019-02-19,15.87,7.79183E+12
Williamsstad,2019-02-22,20.56,5.81376E+12
West Christopherberg,2019-02-19,40.98,7.52484E+11
South Karenland,2019-03-19,23.07,5.75934E+12
Rodneyfort,2019-03-07,7.78,2.85963E+12
Lake Scottton,2019-02-05,24.54,3.77026E+12
Royland,2019-01-26,14.68,1.74729E+12
Martinezhaven,2019-01-21,42.75,9.05609E+12
West Patrickchester,2019-03-17,17.38,3.06649E+12
Raymondhaven,2019-03-31,36.29,8.95924E+12
West Robert,2019-03-06,22.86,2.31892E+12
South Evanton,2019-02-25,15.06,8.87333E+12
West Christopherberg,2019-03-07,32.27,2.176E+12
West Josephberg,2019-04-19,42.53,6.11437E+12
Liumouth,2019-03-06,23.53,2.43017E+12
West Christopherberg,2019-02-10,8.42,8.36259E+11
Hurleymouth,2019-02-23,18.15,6.05143E+12
Port Angela,2019-02-26,28.52,6.78357E+12
West Samuelburgh,2019-01-31,14.11,6.0384E+12
North Barbara,2019-04-06,26.64,9.29433E+11
Rodneyfort,2019-04-29,44.28,6.97926E+12
North Jason,2019-04-05,31.89,9.98847E+12
Port David,2019-02-11,10.05,6.92195E+12
Raymondhaven,2019-01-27,41.76,7.32594E+12
Barajasview,2019-03-12,37.05,1.82923E+12
Liumouth,2019-01-17,33.29,3.42432E+12
North Barbara,2019-03-24,4.05,5.34406E+12
Valentineton,2019-04-03,18.62,5.5506E+11
West Samuelburgh,2019-04-17,10.58,2.0719E+12
Carriemouth,2019-01-15,24.13,7.41768E+12
Carriemouth,2019-05-08,21.99,1.17998E+11
Erikaland,2019-02-21,12.44,2.70509E+12
Grahamburgh,2019-01-18,23.35,8.08454E+12
East Kaylahaven,2019-01-29,9.81,2.05842E+12
Carriemouth,2019-02-04,24.87,6.0156E+12
Justinberg,2019-04-14,24.34,1.49282E+12
Pattyland,2019-01-01,42.11,9.61495E+12
Royland,2019-04-09,22.89,5.15786E+12
Huntermouth,2019-03-14,30.49,9.53756E+12
Huntermouth,2019-01-17,41.48,7.8023E+12
Huntermouth,2019-02-03,31.43,4.78286E+12
South Evanton,2019-02-21,34.21,5.09396E+12
West Robert,2019-04-12,32.48,7.54437E+12
Raymondhaven,2019-03-02,5.19,4.17505E+12
Port Frank,2019-04-02,13.55,4.84971E+12
West Heidi,2019-03-18,4.29,4.31502E+12
Amandaburgh,2019-04-01,24.29,1.99546E+12
Liumouth,2019-02-27,43.31,1.51093E+12
Barajasview,2019-03-15,28.3,1.31427E+12
New Kimberlyborough,2019-03-19,27.37,5.33038E+11
West Samuelburgh,2019-01-06,43.05,9.81077E+12
Lake Scottton,2019-01-28,23.95,9.4834E+12
North Jason,2019-01-14,26.58,8.64239E+12
East Kaylahaven,2019-03-23,4.64,1.90804E+12
Johnton,2019-03-15,43.5,7.1342E+12
Roberthaven,2019-02-22,27.48,9.42E+12
Robertport,2019-01-25,44.75,6.71134E+12
Joneschester,2019-02-16,9.48,4.15529E+12
Johnton,2019-05-02,32.38,8.95482E+12
West Anthony,2019-02-19,27.9,4.26752E+12
Martinezhaven,2019-03-11,7.01,7.63675E+12
Port Johnbury,2019-03-30,15.17,4.90059E+12
Williamsview,2019-04-07,19.19,8.04777E+12
West Robert,2019-02-23,33.24,3.05503E+12
Barajasview,2019-03-19,26.6,5.62306E+12
Williamsstad,2019-05-06,40.79,8.72087E+12
Justinberg,2019-01-22,38.3,1.28783E+12
Justinberg,2019-04-16,16.58,1.47644E+12
Carriemouth,2019-02-17,22.66,3.71794E+12
South Evanton,2019-04-10,30.36,5.2549E+12
Simpsonburgh,2019-02-14,30,7.64462E+12
New Kimberlyborough,2019-01-07,15.22,7.02007E+12
Richardfort,2019-04-03,40.77,9.49621E+12
Williamsview,2019-01-05,21.59,6.18022E+12
Carriemouth,2019-01-04,31.99,4.87254E+12
West Christopherberg,2019-04-06,25.31,3.27595E+12
New Jacobville,2019-04-10,42.92,4.02102E+12
Karenberg,2019-04-23,26.92,9.6851E+12
Johnton,2019-02-28,12.02,6.6703E+12
Amandaburgh,2019-04-20,16.27,3.51312E+12
Port Frank,2019-04-25,19.43,7.79216E+12
Martinezhaven,2019-02-03,11.61,3.41665E+12
Joneschester,2019-03-09,39.32,1.55316E+12
West Robert,2019-04-07,40.69,5.02551E+11
West Heidi,2019-02-06,40.55,6.25794E+12
Lake Jonathanshire,2019-01-24,34.65,3.31912E+12
Johnton,2019-01-22,24.17,7.41336E+12
South Karenland,2019-01-31,36.28,9.21999E+12
Liumouth,2019-01-05,27.02,3.77362E+12
Port Angela,2019-02-08,15.58,7.38873E+12
Johnton,2019-02-26,18.76,6.36082E+12
Pattyland,2019-02-05,28.81,1.15407E+11
Deanville,2019-04-26,28.44,3.32616E+12
West Anthony,2019-03-03,20.71,7.55033E+12
South Phillip,2019-02-28,42.2,9.81356E+12
North Jason,2019-01-05,16.22,3.84242E+12
Loganberg,2019-01-31,13.69,4.06601E+12
Port Frank,2019-01-27,38.97,5.9444E+12
South Evanton,2019-03-06,44.41,2.7603E+12
West Angela,2019-01-22,32.18,4.24482E+12
Rodneyfort,2019-04-12,27.81,5.6694E+12
Carriemouth,2019-04-28,37.35,4.81235E+12
Hurleymouth,2019-02-28,44.85,5.10428E+12
Lake Danielberg,2019-03-20,33.9,25082058503
Lake Jonathanshire,2019-03-24,14.94,1.67091E+12
Williamsview,2019-05-04,32.8,2.67773E+12
West Josephberg,2019-02-19,4.07,1.34803E+12
Christopherfurt,2019-04-06,27.46,7.39994E+12
South Phillip,2019-02-01,39.27,5.30799E+12
New Paulville,2019-02-18,38.97,1.73392E+12
Grahamburgh,2019-03-24,32.17,2.40024E+12
Port Johnbury,2019-02-08,7.63,3.49757E+12
Port David,2019-03-04,23.7,6.4922E+12
West Ericstad,2019-04-13,22.39,5.77076E+12
Karenside,2019-05-03,32.68,9.19416E+12
Valentineton,2019-02-25,10.21,4.59589E+12
Martinezhaven,2019-03-21,39.26,9.86764E+12
Huntermouth,2019-03-21,27.96,3.03092E+12
Rogerston,2019-03-18,8.58,4.17898E+12
West Angela,2019-03-07,14.8,5.02247E+12
Rodneyfort,2019-03-15,30.83,4.17505E+12
North Jasmine,2019-04-24,28.24,8.27389E+12
Raymondhaven,2019-01-25,14.65,3.91246E+12
Richardfort,2019-02-19,27.11,8.69032E+12
West Josephberg,2019-03-16,10.04,6.77577E+12
Erikaland,2019-05-07,22.72,5.59043E+12
Royland,2019-01-15,4.1,9.40923E+12
Roberthaven,2019-03-27,11.51,9.18506E+12
Justinberg,2019-04-16,27.1,1.85455E+12
East Kaylahaven,2019-01-04,24.37,5.7352E+12
North Jason,2019-02-22,18.67,1.90295E+11
Karenside,2019-02-12,25.58,6.56902E+12
Raymondhaven,2019-02-28,11.26,3.12271E+12
Amandaburgh,2019-03-13,13.88,6.22213E+12
Amandaburgh,2019-04-22,42.52,1.90116E+12
New Jacobville,2019-04-27,37.6,8.7809E+12
West Ericstad,2019-04-19,5.75,3.49713E+12
Christopherfurt,2019-01-04,15.47,1.47116E+12
Port David,2019-03-27,18.43,4.63559E+12
Martinezhaven,2019-02-15,15.93,9.62458E+12
West Robert,2019-02-27,22.81,5.71431E+12
South Michelleport,2019-03-08,27.42,3.75424E+12
Robertport,2019-05-03,31.62,4.85226E+12
West Anthony,2019-02-04,20.09,4.22152E+12
West Angela,2019-03-20,23.83,8.75081E+12
South Michelleport,2019-05-07,4.47,2.89109E+11
New Paulville,2019-05-01,10.3,1.05757E+12
Justinberg,2019-02-19,36.27,7.28644E+12
Leahton,2019-01-08,39.81,4.57902E+11
Justinberg,2019-02-01,31.07,2.73965E+12
South Latoya,2019-02-12,28.92,5.77983E+12
Williamsview,2019-02-08,25.3,2.3246E+12
Joneschester,2019-01-15,13.43,2.23586E+12
Williamsstad,2019-01-06,43.5,2.04785E+12
South Karenland,2019-01-25,31.02,5.00482E+11
Carriemouth,2019-04-01,27.84,6.58983E+12
Valentineton,2019-01-01,12.31,4.75704E+12
Christopherfurt,2019-03-12,35.57,8.28613E+12
Huntermouth,2019-02-05,28.58,3.14352E+11
Deanville,2019-02-17,25.33,2.74947E+12
North Barbara,2019-05-05,26.54,4.32828E+12
West Angela,2019-01-25,41.05,4.60241E+12
Martinezhaven,2019-04-15,35.45,4.82261E+12
West Anthony,2019-01-12,37.66,4.10252E+11
West Samuelburgh,2019-04-25,26.44,4.33865E+12
West Josephberg,2019-04-29,28.73,1.73253E+12
Liumouth,2019-04-11,15.55,6.82849E+12
Karenside,2019-04-04,42.27,6.7715E+12
Loganberg,2019-04-04,25.93,1.86096E+11
Johnton,2019-01-21,28.59,5.59754E+12
Carriemouth,2019-03-08,34.32,7.98492E+12
South Latoya,2019-01-02,43.72,3.90122E+11
South Phillip,2019-03-25,7.04,7.93164E+12
Lake Danielberg,2019-03-21,14.12,8.57368E+12
Jerryton,2019-01-27,5.21,2.36654E+12
Simpsonburgh,2019-04-28,10.07,2.9948E+12
Amandaburgh,2019-02-06,11.93,7.55033E+12
Karenberg,2019-02-14,11.06,4.34496E+12
Jerryton,2019-01-16,22.26,9.74453E+11
East Kaylahaven,2019-03-27,25.29,4.84074E+12
Pattyland,2019-02-11,33.21,1.32588E+12
South Michelleport,2019-02-06,25.58,6.81478E+12
Martinezhaven,2019-02-23,15.48,5.94682E+12
Loganberg,2019-01-05,5.92,5.3277E+12
New Paulville,2019-04-13,8.69,5.9222E+11
South Evanton,2019-01-10,37.03,4.81799E+12
Port Angela,2019-02-06,24.47,1.46982E+12
West Gabriel,2019-04-21,4.96,2.69414E+12
New Kimberlyborough,2019-03-28,10.91,9.35422E+11
West Anthony,2019-04-16,17.47,5.70656E+12
West Gabriel,2019-01-16,25.97,6.59048E+12
Karenside,2019-01-24,9.39,4.82906E+12
Liumouth,2019-01-01,37.91,5.67367E+12
Grahamburgh,2019-04-20,40.06,5.16183E+12
Christopherfurt,2019-05-07,6.39,7.60801E+12
West Gabriel,2019-05-01,27.45,2.82746E+12
West Heidi,2019-01-17,5.78,9.1077E+12
West Angela,2019-01-04,20.33,1.92034E+12
Christopherfurt,2019-03-25,7.19,6.89268E+12
Robertport,2019-03-25,35.29,7.87581E+12
Royland,2019-01-16,4.89,8.05334E+12
Huntermouth,2019-03-19,15.05,1.67708E+12
North Madeline,2019-04-07,11.92,7.37335E+11
East Kaylahaven,2019-01-07,5.56,4.65764E+12
Loganberg,2019-04-18,22.51,3.20804E+12
North Jason,2019-01-23,6.54,5.61476E+12
South Latoya,2019-01-31,14.82,6.96344E+12
Karenberg,2019-03-09,35.68,8.63175E+12
West Anthony,2019-05-01,23.76,2.92935E+12
Williamsstad,2019-03-25,42.93,2.21E+12
Port Angela,2019-02-06,11.39,6.10867E+12
Karenside,2019-02-24,27.64,8.05821E+12
East Kaylahaven,2019-03-21,9.42,1.46826E+12
South Michelleport,2019-03-23,14.72,4.90532E+11
Pattyland,2019-01-14,40.21,5.82597E+12
Port Samanthamouth,2019-02-28,38.42,2.10509E+12
Reynoldsfurt,2019-04-11,42.97,1.39065E+12
Pattyland,2019-03-27,8.57,3.07455E+12
North Jasmine,2019-04-24,14.11,4.19471E+12
North Madeline,2019-03-31,21.24,6.5416E+11
West Anthony,2019-02-11,15.55,5.98841E+12
Lake Danielberg,2019-01-28,25.98,1.41832E+12
Royland,2019-02-19,13.02,1.86047E+11
Reynoldsfurt,2019-03-08,6.08,2.56721E+12
Roberthaven,2019-02-09,11.71,8.18277E+12
South Evanton,2019-02-25,15.94,2.73432E+12
Grahamburgh,2019-03-04,34.93,5.941E+12
West Ericstad,2019-03-29,40.29,8.09503E+11
Port Frank,2019-02-17,32.44,5.38735E+12
Lake Danielberg,2019-02-08,22.74,9.52401E+12
Erikaland,2019-03-24,4.07,6.56168E+12
Port David,2019-02-11,38,7.7727E+12
North Barbara,2019-04-27,16.89,5.10412E+12
Simpsonburgh,2019-02-27,13.38,1.57792E+12
North Jason,2019-01-23,32.77,2.98876E+12
Simpsonburgh,2019-01-06,27.2,3.68183E+12
South Phillip,2019-04-18,35.7,4.75237E+12
South Karenland,2019-03-16,4.87,2.38792E+12
New Paulville,2019-03-14,20.26,8.81201E+12
Johnton,2019-02-14,43.93,5.44375E+12
Port Johnbury,2019-02-27,11.33,3.22578E+12
Joneschester,2019-03-12,21.17,1.57652E+12
West Samuelburgh,2019-02-12,6.76,8.53007E+12
Huntermouth,2019-04-28,31.43,6.66048E+12
Deanville,2019-04-01,22.65,7.00278E+12
Leahton,2019-02-15,25.84,9.2427E+12
Hurleymouth,2019-04-13,40.93,4.91521E+12
West Anthony,2019-03-21,15.64,4.74685E+12
Karenside,2019-01-23,37.62,1.95293E+12
West Gabriel,2019-02-28,31.82,4.15307E+12
Carriemouth,2019-03-26,26.91,7.85248E+12
South Michelleport,2019-03-01,24.55,9.78948E+12
Rodneyfort,2019-05-05,22.24,5.39329E+12
Deanville,2019-03-07,31.08,9.71126E+12
Reynoldsfurt,2019-05-04,8.81,3.23811E+12
Justinberg,2019-04-27,18.99,3.03461E+12
Huntermouth,2019-03-02,10.89,1.64727E+12
West Robert,2019-02-27,8.37,4.89897E+11
Port Angela,2019-02-14,42.04,8.96909E+11
South Karenland,2019-01-09,44.44,3.17995E+12
Port David,2019-03-24,25.65,2.08469E+12
Liumouth,2019-01-04,9.1,8.14768E+12
Simpsonburgh,2019-01-18,15.36,5.19567E+12
South Evanton,2019-04-14,19.53,8.34565E+12
West Heidi,2019-04-06,25.06,8.91601E+12
Port Frank,2019-01-14,43.27,4.91473E+11
East Kaylahaven,2019-02-23,15.94,1.60239E+12
North Madeline,2019-01-28,42.24,5.83417E+11
Liumouth,2019-04-14,38.95,14588103145
North Madeline,2019-03-06,26.34,1.88386E+12
Williamsview,2019-04-15,44.74,2.7594E+12
North Barbara,2019-03-16,25.06,9.74571E+12
South Evanton,2019-02-07,7.69,9.01261E+12
Williamsstad,2019-04-26,18.92,1.6064E+12
Rodneyfort,2019-01-12,7.05,4.23915E+12
Karenside,2019-04-19,26.45,9.29376E+12
New Paulton,2019-01-13,29.9,4.09033E+12
West Robert,2019-01-17,12.71,8.50343E+12
Jerryton,2019-02-14,24.49,3.08044E+12
Karenberg,2019-01-16,41.26,3.35715E+12
Christopherfurt,2019-05-03,14.43,5.64493E+12
Grahamburgh,2019-03-27,4.63,7.32444E+12
New Kimberlyborough,2019-03-02,6.08,3.87292E+12
North Madeline,2019-03-04,6.19,5.4655E+11
North Jason,2019-03-12,5.76,5.11343E+12
Liumouth,2019-03-16,34.2,2.54174E+12
New Jacobville,2019-04-21,13.53,5.56794E+12
Justinberg,2019-04-24,28.76,6.4936E+12
West Anthony,2019-03-13,5.03,1.17802E+12
Raymondhaven,2019-01-13,17.33,2.83043E+12
Royland,2019-03-22,23.31,2.833E+12
Rogerston,2019-01-30,8.87,5.68698E+12
West Anthony,2019-05-03,21.38,9.17265E+12
Port Frank,2019-04-06,21.02,9.71438E+12
Lake Jonathanshire,2019-04-11,12.81,5.99987E+12
South Phillip,2019-01-17,23.46,2.62802E+12
South Karenland,2019-03-03,22.44,7.45861E+12
Port Samanthamouth,2019-04-18,23.56,8.73425E+12
Huntermouth,2019-01-10,43.01,7.5807E+12
Joneschester,2019-04-22,9.7,8.58709E+12
West Anthony,2019-04-22,19.95,1.21205E+12
North Jasmine,2019-04-11,27.54,5.00327E+12
Reynoldsfurt,2019-03-10,4.1,5.69073E+12
North Markport,2019-02-22,16.46,2.79829E+12
Huntermouth,2019-01-09,15.31,1.53005E+12
Rogerston,2019-03-19,29.88,3.97971E+12
Deanville,2019-03-05,11.16,4.73702E+12
Rodneyfort,2019-01-11,23.21,3.43372E+12
Reynoldsfurt,2019-03-29,31.43,9.92231E+12
West Josephberg,2019-01-14,9.71,4.72613E+12
Huntermouth,2019-03-20,40.55,6.75062E+12
Amandaburgh,2019-04-24,14.55,7.83612E+12
Port Frank,2019-03-05,36.35,9.21372E+12
Martinezhaven,2019-01-10,23.62,5.46989E+12
East Kaylahaven,2019-02-10,6.69,6.07184E+12
Joneschester,2019-03-10,22.72,8.70503E+12
West Angela,2019-05-01,23.23,7.76994E+12
New Paulton,2019-04-24,32.22,2.98963E+12
Roberthaven,2019-03-05,5.43,6.05362E+11
Port Frank,2019-03-09,6.5,2.10909E+12
Port Frank,2019-04-04,39.39,7.96748E+12
Hurleymouth,2019-03-07,41.96,1.67733E+12
Leahton,2019-03-06,41.29,3.31067E+12
Johnton,2019-02-07,30.97,6.85398E+12
Lake Scottton,2019-05-03,25.68,7.71161E+11
Simpsonburgh,2019-01-31,39.23,3.69709E+12
West Angela,2019-02-21,29.99,4.36732E+12
Williamsview,2019-04-16,20.38,8.22775E+12
West Josephberg,2019-04-12,15.49,5.11823E+12
West Josephberg,2019-02-15,36.7,8.33427E+12
South Karenland,2019-02-19,39.59,9.83407E+12
Barajasview,2019-01-02,36.13,8.56719E+12
East Kaylahaven,2019-01-21,36.89,2.41125E+12
Loganberg,2019-01-12,36.82,1.07811E+12
Richardfort,2019-04-22,39.74,4.08139E+12
Richardfort,2019-01-31,43.92,4.06695E+12
South Michelleport,2019-04-01,28.84,8.84609E+12
Barajasview,2019-01-14,19.81,2.37626E+12
West Heidi,2019-04-18,32.74,1.74649E+12
Leahton,2019-03-31,4.65,2.2042E+12
Port Johnbury,2019-01-07,19.08,8.83938E+12
Justinberg,2019-05-07,18.74,6.39565E+12
North Barbara,2019-04-10,10.94,3.55505E+11
Barajasview,2019-05-06,17.63,9.23321E+12
Reynoldsfurt,2019-04-12,21.18,7.47139E+12
West Christopherberg,2019-02-09,33.97,4.25388E+12
Leahton,2019-02-23,7.08,3.74445E+12
Simpsonburgh,2019-03-04,23.33,9.99763E+11
Port Frank,2019-04-05,14.21,8.36608E+12
West Heidi,2019-04-17,8.91,7.61713E+12
Robertport,2019-04-24,19.73,7.44321E+12
Loganberg,2019-05-05,30.47,7.76926E+12
West Josephberg,2019-03-23,33.12,2.3354E+12
West Anthony,2019-04-03,31.6,4.96533E+12
South Michelleport,2019-04-22,9.72,2.08892E+12
Amandaburgh,2019-04-05,25.55,8.58142E+12
Justinberg,2019-04-01,40.87,8.95767E+12
Joneschester,2019-03-10,27.91,1.27309E+12
Lake Scottton,2019-01-11,31.31,9.30578E+12
Rodneyfort,2019-03-24,31.41,8.2742E+11
Pattyland,2019-04-25,44.39,1.7237E+12
Jerryton,2019-02-28,36.87,3.09106E+12
Lake Scottton,2019-04-11,22.03,2.02682E+12
Grahamburgh,2019-04-29,13.59,3.2007E+12
South Latoya,2019-03-29,5.93,2.6243E+12
Liumouth,2019-03-27,44.27,9.81646E+11
Hurleymouth,2019-03-02,34.65,9.38045E+12
West Angela,2019-02-15,44.12,1.96212E+12
Reynoldsfurt,2019-03-14,35.65,9.90709E+12
Port Johnbury,2019-03-29,14.54,3.76124E+12
North Jason,2019-02-15,17.35,6.04176E+12
North Madeline,2019-04-15,37.6,3.89526E+12
Simpsonburgh,2019-02-15,4.63,60590634054
Hurleymouth,2019-02-13,25.72,8.76149E+12
West Robert,2019-03-07,4.28,2.03078E+12
North Jasmine,2019-04-01,28.04,5.01238E+12
North Jason,2019-04-05,32.18,3.37355E+12
South Jack,2019-02-01,26.72,5.06217E+12
West Heidi,2019-02-09,39.76,5.5229E+12
West Anthony,2019-04-06,14.3,7.57196E+12
West Ericstad,2019-03-21,18.24,4.60295E+12
West Samuelburgh,2019-02-27,32.73,5.61598E+12
New Jacobville,2019-04-09,4.95,4.49374E+12
Carriemouth,2019-02-21,23.48,4.75731E+12
Christopherfurt,2019-03-18,7.45,4.45122E+12
South Phillip,2019-01-16,7.08,8.45568E+12
Grahamburgh,2019-01-28,44.91,2.58537E+11
Christopherfurt,2019-03-25,23.38,4.99819E+11
Robertport,2019-04-27,41.48,6.46459E+12
Justinberg,2019-04-26,7.68,1.06865E+12
Port Frank,2019-04-05,36.08,3.45798E+11
New Jacobville,2019-04-13,43.98,9.4486E+12
North Jasmine,2019-02-01,8.09,4.15938E+11
Valentineton,2019-03-18,36.04,8.73223E+12
Huntermouth,2019-01-06,28.74,6.5421E+11
South Jack,2019-03-08,17.17,8.79096E+12
New Paulton,2019-03-15,4.6,9.74146E+12
Williamsstad,2019-04-21,26.99,8.56256E+12
Jerryton,2019-01-06,27.71,9.04474E+12
Deanville,2019-01-04,4.56,6.42311E+12
South Evanton,2019-03-22,6.58,8.37719E+12
New Kimberlyborough,2019-04-29,9.08,3.17192E+12
Hurleymouth,2019-03-24,8.77,8.27479E+12
North Barbara,2019-04-01,31.72,9.78616E+12
West Angela,2019-02-22,19.44,3.79496E+12
Karenside,2019-03-15,31.89,5.43826E+12
South Phillip,2019-05-01,38.46,3.43854E+12
South Karenland,2019-05-08,19.77,7.83716E+12
Royland,2019-02-21,5.95,8.41947E+12
South Phillip,2019-01-20,24,7.33538E+12
South Phillip,2019-05-02,24.23,1.22973E+11
West Gabriel,2019-03-09,14.41,8.73618E+12
South Karenland,2019-01-14,24.71,8.61231E+12
Robertport,2019-04-27,11.42,9.22956E+12
Roberthaven,2019-02-12,37,4.69588E+12
West Christopherberg,2019-01-11,44.76,2.73682E+12
Robertport,2019-03-21,8.2,3.39977E+12
West Anthony,2019-02-07,33.51,4.16312E+12
New Kimberlyborough,2019-02-09,6.43,6.44715E+12
Loganberg,2019-02-02,7.12,1.2735E+12
West Samuelburgh,2019-01-11,25.07,1.50842E+11
New Kimberlyborough,2019-04-24,28.87,7.93708E+12
Roberthaven,2019-04-25,22.75,7.37017E+12
Barajasview,2019-04-03,44.15,9.59616E+12
Royland,2019-02-22,10.19,8.89872E+12
Rogerston,2019-03-14,10.29,7.43476E+12
Christopherfurt,2019-02-12,11.7,8.49351E+12
West Gabriel,2019-02-20,8.44,6.91241E+12
South Karenland,2019-04-18,8.56,7.55792E+12
Williamsview,2019-04-26,20.89,2.56503E+12
Deanville,2019-03-05,42.79,3.62495E+12
West Samuelburgh,2019-01-16,14.93,5.01861E+11
North Barbara,2019-02-14,4.11,7.67696E+12
Christopherfurt,2019-03-10,22.65,5.00464E+12
Jerryton,2019-02-01,37.7,9.58045E+12
South Latoya,2019-02-09,12.17,9.00632E+12
South Latoya,2019-03-04,5.04,9.8774E+12
West Gabriel,2019-03-17,15.95,9.29707E+12
Lake Jonathanshire,2019-01-23,21.11,7.71147E+12
North Jasmine,2019-02-10,31.38,4.7468E+12
Raymondhaven,2019-04-15,6.74,6.81407E+12
Port Johnbury,2019-03-25,41.61,8.06055E+12
North Barbara,2019-01-17,18.27,3.78378E+11
New Kimberlyborough,2019-01-27,23.09,5.57554E+12
Carriemouth,2019-02-26,19.05,1.9546E+12
West Samuelburgh,2019-02-05,31.94,6.73338E+12
Martinezhaven,2019-02-17,34.27,2.34041E+11
North Barbara,2019-04-30,28.89,3.28092E+12
Valentineton,2019-02-08,36.23,6.6674E+12
West Robert,2019-02-09,26.1,18586563147
Roberthaven,2019-04-07,13.4,4.90174E+12
West Gabriel,2019-04-20,23.69,4.90612E+12
Karenberg,2019-02-18,44.08,7.21687E+12
Rogerston,2019-03-08,17.81,8.56469E+12
West Angela,2019-01-12,20.46,5.24131E+12
New Kimberlyborough,2019-04-01,10.76,9.12831E+12
Justinberg,2019-02-20,31.31,9.20163E+12
South Michelleport,2019-01-02,37.34,7.66098E+12
South Evanton,2019-01-11,39.99,9.38941E+12
Johnton,2019-04-11,33.12,7.2261E+12
Grahamburgh,2019-04-03,5.09,8.56329E+12
Rogerston,2019-02-16,20.64,8.14712E+12
South Karenland,2019-04-21,7.44,3.54676E+12
North Barbara,2019-03-08,29.15,96327208793
Jerryton,2019-03-20,15.37,9.31768E+11
West Christopherberg,2019-04-25,35.39,7.47724E+12
South Jack,2019-02-13,32.64,8.80719E+11
Port Samanthamouth,2019-01-28,15.49,3.26708E+12
New Paulton,2019-03-29,43.79,7.06918E+12
Carriemouth,2019-04-18,37.63,7.73687E+12
North Jasmine,2019-02-27,35.31,9.25035E+12
Rogerston,2019-01-16,31.34,1.32229E+11
Port David,2019-02-03,21.2,5.71426E+11
Williamsview,2019-04-11,33.68,2.74358E+12
South Evanton,2019-04-26,42.99,4.02195E+12
South Evanton,2019-03-25,23.48,4.59571E+12
Port David,2019-04-07,39.51,5.95526E+12
West Christopherberg,2019-02-08,14.22,3.72559E+12
New Paulton,2019-03-19,40.2,8.20067E+12
Leahton,2019-02-04,15.37,9.58833E+12
Valentineton,2019-04-28,5.73,2.11077E+11
Port David,2019-03-14,9.22,3.63609E+12
West Robert,2019-02-12,14.8,8.06183E+12
Valentineton,2019-01-02,34.79,6.36435E+12
Port Johnbury,2019-02-20,27.1,3.55937E+12
Richardfort,2019-03-04,14.83,9.47411E+12
Karenberg,2019-01-08,9.5,1.45291E+12
West Robert,2019-03-14,18.28,4.58273E+12
New Paulville,2019-02-15,28.18,2.04263E+12
West Patrickchester,2019-05-03,44.85,9.42108E+12
Loganberg,2019-04-03,5.16,9.23486E+12
Pattyland,2019-05-02,4.23,1.65885E+11
West Christopherberg,2019-02-20,26.9,1.2419E+12
Leahton,2019-02-05,8.38,5.89552E+12
Richardfort,2019-03-28,7.75,5.53906E+12
West Anthony,2019-03-11,41.37,1.13382E+12
East Kaylahaven,2019-04-17,41.19,6.32034E+11
Williamsstad,2019-04-01,16.83,1.5169E+12
South Phillip,2019-02-12,23.69,3.66762E+12
West Samuelburgh,2019-01-18,16.96,3.93667E+12
Royland,2019-03-24,10.05,2.95667E+12
Justinberg,2019-01-24,8.83,1.86337E+12
Karenberg,2019-01-30,8.79,3.83247E+12
North Markport,2019-04-09,20.23,2.5806E+12
Roberthaven,2019-03-17,26.71,9.35152E+12
Royland,2019-01-11,43.07,7.58051E+11
Hurleymouth,2019-01-31,19.23,9.53734E+12
Roberthaven,2019-04-22,31.29,4.10482E+12
Grahamburgh,2019-03-16,30.66,4.73969E+12
Johnton,2019-04-26,4.63,3.43531E+12
Huntermouth,2019-05-07,25.83,9.61632E+11
Pattyland,2019-03-19,18.17,9.39478E+12
West Robert,2019-04-16,25.65,3.59878E+12
Leahton,2019-04-13,18.25,6.16038E+12
Port Frank,2019-04-18,33.73,2.26274E+12
Port Frank,2019-02-28,33.83,1.26373E+12
West Josephberg,2019-03-08,9.54,8.12252E+12
Grahamburgh,2019-02-08,10.63,3.65433E+12
Williamsstad,2019-05-06,26.43,8.9879E+12
North Barbara,2019-03-27,33.4,5.61623E+12
South Phillip,2019-04-17,42.3,1.29583E+12
Erikaland,2019-02-05,14.13,9.87719E+12
Port Samanthamouth,2019-01-19,38.58,2.62771E+12
North Jasmine,2019-04-21,5.31,2.97864E+12
West Gabriel,2019-04-27,37.74,7.63591E+12
Rodneyfort,2019-02-06,27.87,9.79196E+12
New Paulton,2019-04-27,19.06,2.00115E+11
Hurleymouth,2019-04-22,9.14,5.56389E+12
South Phillip,2019-03-02,30.62,4.97935E+12
West Ericstad,2019-01-25,23.27,2.12808E+12
Port Samanthamouth,2019-03-20,36.7,8.18658E+11
West Josephberg,2019-01-17,7.87,2.30052E+12
Port Angela,2019-03-10,43.18,1.88976E+12
West Gabriel,2019-04-25,10.86,8.50153E+12
Hurleymouth,2019-02-15,42.61,9.952E+12
Jerryton,2019-04-18,42.8,2.66288E+12
Lake Danielberg,2019-02-09,10.62,9.24172E+12
South Phillip,2019-01-14,41.66,2.77317E+12
West Robert,2019-03-28,35.88,2.84546E+12
New Kimberlyborough,2019-04-28,33.35,9.50164E+12
New Paulville,2019-05-02,12.08,6.16282E+11
West Josephberg,2019-04-30,40.08,5.40556E+12
Erikaland,2019-03-17,39.58,6.42263E+12
North Madeline,2019-04-08,25.79,9.44148E+12
West Heidi,2019-04-06,23.41,9.7868E+12
Reynoldsfurt,2019-02-02,29.07,1.86421E+12
South Latoya,2019-01-18,5.69,7.01359E+11
Amandaburgh,2019-03-07,18.76,3.41945E+12
West Josephberg,2019-01-20,38.39,4.39773E+12
Lake Jonathanshire,2019-01-29,41.05,6.64969E+12
West Anthony,2019-04-18,31.16,8.47826E+12
Raymondhaven,2019-04-06,30.36,8.73307E+12
Hurleymouth,2019-01-11,37.44,7.88363E+12
Roberthaven,2019-01-28,21.72,7.32997E+12
New Paulville,2019-04-29,14.59,3.63377E+12
Robertport,2019-03-26,13.34,5.44815E+12
Port Frank,2019-01-19,4.86,5.0846E+12
Rogerston,2019-03-26,13.97,2.81992E+12
Liumouth,2019-01-16,6.02,3.85218E+12
Lake Danielberg,2019-01-21,14.09,9.56831E+12
West Josephberg,2019-03-21,6.13,2.30387E+12
Leahton,2019-01-15,21.95,1.79552E+12
Huntermouth,2019-04-03,29.88,8.96762E+12
Lake Danielberg,2019-05-03,19.97,5.54189E+11
Loganberg,2019-02-21,7.49,6.41484E+11
North Madeline,2019-02-16,37.75,1.4536E+12
Hurleymouth,2019-04-09,20.31,2.51159E+12
Port Johnbury,2019-03-30,19.48,5.13784E+12
Royland,2019-05-07,36.22,2.53803E+12
Richardfort,2019-02-14,44.11,2.50386E+12
Johnton,2019-01-25,28.14,7.11047E+12
North Jason,2019-04-12,33.12,1.71399E+12
South Phillip,2019-01-05,41.55,8.82568E+12
Reynoldsfurt,2019-01-21,25.19,1.03322E+12
West Ericstad,2019-04-12,27.69,4.56796E+12
Richardfort,2019-04-27,30.31,6.10645E+12
West Heidi,2019-04-22,8.89,5.4084E+12
Johnton,2019-03-04,36.76,3.27329E+12
West Angela,2019-01-02,19.81,9.73997E+12
Leahton,2019-02-28,31.01,2.1165E+12
Johnton,2019-04-11,16.63,7.24846E+12
Port David,2019-01-21,32.92,8.57957E+11
New Kimberlyborough,2019-04-01,35.11,8.27582E+12
Port Frank,2019-02-26,25.18,7.2808E+12
Barajasview,2019-01-24,9.21,1.84107E+12
South Phillip,2019-04-21,32.85,2.75233E+12
North Jasmine,2019-04-03,19.66,9.20612E+12
New Kimberlyborough,2019-03-13,14.84,1.83917E+12
North Jasmine,2019-01-05,26.72,3.66906E+12
Reynoldsfurt,2019-02-13,7.43,5.24443E+12
North Barbara,2019-05-05,38.15,2.56007E+11
South Karenland,2019-04-23,12.34,9.18579E+12
North Jasmine,2019-04-17,22.41,4.19804E+12
East Kaylahaven,2019-02-16,34.42,7.99961E+12
West Samuelburgh,2019-03-07,34.22,1.12957E+12
Richardfort,2019-03-03,11.42,2.91608E+12
West Heidi,2019-02-19,7.64,8.96613E+12
Raymondhaven,2019-05-08,18.45,1.81157E+12
North Markport,2019-04-29,19.8,1.83902E+12
New Paulton,2019-02-17,37.44,7.42967E+12
Karenside,2019-01-25,19.6,4.71696E+12
South Jack,2019-03-03,29.88,2.15339E+12
South Michelleport,2019-01-20,34.72,6.38794E+12
North Jason,2019-04-01,40.45,1.1017E+12
Joneschester,2019-01-26,13.77,6.67814E+12
Amandaburgh,2019-01-02,33.06,6.33066E+12
North Jason,2019-03-28,42.75,4.27168E+12
Roberthaven,2019-01-28,28.11,6.2282E+12
South Karenland,2019-02-13,24.16,3.27462E+12
Rogerston,2019-01-23,21.64,3.8497E+12
Robertport,2019-02-14,18.38,9.07293E+12
West Samuelburgh,2019-01-06,11.01,73344113439
New Paulton,2019-04-06,38.8,8.52323E+12
Port Johnbury,2019-04-12,8.42,39663640391
South Karenland,2019-05-03,19.69,2.54283E+12
Liumouth,2019-03-22,39.96,6.1625E+12
South Evanton,2019-04-29,5.16,3.14703E+11
Huntermouth,2019-04-20,23.65,3.49602E+12
Simpsonburgh,2019-04-26,29.22,4.45263E+12
Valentineton,2019-02-17,21.74,4.88223E+12
Deanville,2019-01-12,39.45,4.19668E+11
South Karenland,2019-04-27,6.62,9.44045E+12
Lake Jonathanshire,2019-03-22,18.72,4.67597E+12
East Kaylahaven,2019-03-01,23.45,3.21997E+12
Port David,2019-04-12,35.51,2.98869E+12
West Gabriel,2019-01-30,25.64,3.45871E+12
South Evanton,2019-02-13,44.33,3.93348E+12
Richardfort,2019-01-13,25.81,9.11091E+12
North Madeline,2019-04-04,25.38,6.90704E+12
South Evanton,2019-04-06,9.3,1.03705E+12
Royland,2019-02-18,8.32,5.21311E+12
Hurleymouth,2019-01-07,20.01,4.46237E+12
West Anthony,2019-04-08,20.83,9.5823E+12
Martinezhaven,2019-02-14,27.16,2.199E+12
North Jasmine,2019-01-21,33.06,4.26301E+12
Carriemouth,2019-04-15,40.03,2.66793E+12
Lake Scottton,2019-01-21,21.81,2.94152E+11
Hurleymouth,2019-01-17,24.86,9.29534E+12
North Barbara,2019-03-17,6.12,5.47694E+12
Royland,2019-04-23,40.39,3.38532E+11
North Jason,2019-01-12,9.97,8.00061E+12
West Ericstad,2019-01-27,29.05,7.59945E+12
Joneschester,2019-03-13,27.79,1.26445E+12
North Madeline,2019-05-03,16.44,2.12158E+11
Loganberg,2019-02-18,23.98,9.36901E+12
West Patrickchester,2019-04-07,33.9,3.85913E+12
Justinberg,2019-04-04,19.38,3.73396E+12
Lake Jonathanshire,2019-04-16,32.47,1.01387E+12
Karenside,2019-03-04,25.21,9.10796E+12
North Madeline,2019-02-04,9.84,9.47983E+12
West Josephberg,2019-03-30,25.19,7.57579E+12
West Christopherberg,2019-05-01,39.8,5.35029E+12
Lake Scottton,2019-04-19,37.67,5.48729E+12
Simpsonburgh,2019-05-04,33.11,2.86086E+12
South Karenland,2019-01-23,22.54,9.06736E+11
South Evanton,2019-02-26,7.81,7.41939E+11
New Paulville,2019-01-02,33.08,2.36854E+12
Carriemouth,2019-03-08,37.81,7.35066E+12
North Madeline,2019-03-01,20.8,1.5751E+12
West Heidi,2019-01-17,24.19,8.7981E+12
Amandaburgh,2019-01-13,23.35,9.97508E+12
Valentineton,2019-03-06,38.88,2.76294E+12
South Phillip,2019-03-23,40.07,2.30785E+12
West Angela,2019-02-22,23.09,5.99167E+12
Erikaland,2019-04-25,34.05,5.67382E+12
Loganberg,2019-04-23,32.4,2.44843E+12
West Heidi,2019-01-01,10.75,6.57151E+12
South Michelleport,2019-01-27,30.16,3.94853E+12
Christopherfurt,2019-03-15,34.09,1.26452E+12
North Markport,2019-04-06,18.15,7.26861E+12
West Anthony,2019-02-10,38.54,8.95001E+12
South Phillip,2019-04-16,24.63,7.8609E+12
South Phillip,2019-01-07,6.54,1.97654E+11
Williamsview,2019-03-02,25.15,5.05061E+12
Port Frank,2019-01-05,35.35,1.91878E+12
West Angela,2019-03-18,13.06,7.20662E+12
Liumouth,2019-04-14,25.28,7.89175E+12
Port Frank,2019-05-03,21.11,9.06392E+12
Jerryton,2019-03-04,22.91,3.49891E+12
Richardfort,2019-03-06,8.28,5.1276E+12
Lake Danielberg,2019-01-14,24.14,7.95889E+12
South Evanton,2019-01-17,34.55,3.37326E+12
Williamsview,2019-01-25,41.17,4.83888E+12
South Jack,2019-01-29,43.12,6.0467E+12
Justinberg,2019-02-13,10.18,3.14351E+12
Liumouth,2019-04-29,23.99,8.19442E+11
South Jack,2019-01-09,21.13,6.05592E+12
South Michelleport,2019-03-29,11.06,9.97982E+12
Hurleymouth,2019-02-23,31.97,1.99008E+12
West Samuelburgh,2019-02-22,17.35,3.94301E+12
North Barbara,2019-04-09,6.68,2.53541E+12
Royland,2019-01-20,6.66,4.29234E+12
Lake Scottton,2019-04-08,44.03,9.0529E+12
Raymondhaven,2019-04-30,29.84,7.62828E+12
Lake Scottton,2019-05-08,18.04,5.61626E+12
Martinezhaven,2019-05-07,6.89,3.26625E+12
Lake Scottton,2019-02-08,34.95,7.92883E+12
Richardfort,2019-02-05,42.22,4.05109E+12
West Josephberg,2019-04-11,18.65,6.03478E+12
New Paulville,2019-03-05,23.75,9.55803E+12
South Phillip,2019-05-07,36.51,2.37346E+12
South Karenland,2019-03-22,15.54,1.30552E+12
Valentineton,2019-01-22,17.74,6.34895E+12
South Evanton,2019-05-07,34.03,3.18259E+12
Pattyland,2019-04-19,4.55,6.86369E+12
Port Samanthamouth,2019-03-15,5.62,6.91179E+12
East Kaylahaven,2019-01-11,8.02,9.77856E+12
North Madeline,2019-02-27,36.87,9.53191E+12
Richardfort,2019-04-04,16.35,6.07791E+12
South Michelleport,2019-02-11,28.03,3.12931E+12
Port Johnbury,2019-01-21,32.68,2.77259E+11
Liumouth,2019-01-18,20.68,9.84552E+11
South Evanton,2019-04-08,5.62,1.33603E+12
Richardfort,2019-03-05,4.85,3.29154E+12
New Jacobville,2019-02-07,26.09,3.5177E+12
East Kaylahaven,2019-02-04,38.13,2.8893E+12
Williamsstad,2019-01-20,18.79,5.02316E+12
Lake Jonathanshire,2019-04-11,25.92,8.53381E+12
Port Samanthamouth,2019-04-25,9.44,4.79395E+12
South Karenland,2019-03-30,20.21,2.90344E+12
West Christopherberg,2019-03-10,7.98,5.72936E+12
Lake Scottton,2019-03-29,35.36,3.70631E+12
East Kaylahaven,2019-01-24,31.4,7.43041E+12
Raymondhaven,2019-04-04,41.45,2.8932E+12
Port Frank,2019-03-19,22.63,9.90838E+12
New Paulville,2019-04-24,13.32,8.56432E+12
Karenberg,2019-04-30,5.7,7.64452E+12
Barajasview,2019-03-24,12.24,7.66512E+11
North Jason,2019-02-10,25.36,8.59485E+12
Barajasview,2019-04-18,12.35,6.12226E+12
New Kimberlyborough,2019-04-03,33.74,6.32906E+12
West Samuelburgh,2019-01-31,9.67,8.85167E+12
West Heidi,2019-03-21,9.06,6.61875E+12
Port Frank,2019-01-16,11.97,8.71133E+12
West Samuelburgh,2019-04-08,14.52,2.48052E+12
West Gabriel,2019-05-01,8.67,4.25758E+11
Loganberg,2019-04-18,16.36,4.72884E+12
West Josephberg,2019-05-07,29.66,2.61962E+11
South Michelleport,2019-02-02,12.77,1.40738E+12
Christopherfurt,2019-04-14,39.91,2.53266E+11
Justinberg,2019-04-14,7.75,8.86006E+12
South Michelleport,2019-03-12,25.1,7.10908E+12
West Angela,2019-04-10,31.03,3.52434E+12
South Karenland,2019-02-02,10.54,4.51104E+12
Carriemouth,2019-05-04,41.54,1.10233E+12
Pattyland,2019-01-09,41.04,3.5255E+12
West Samuelburgh,2019-03-04,28.18,9.68455E+12
North Barbara,2019-02-03,11.54,5.81443E+12
Jerryton,2019-02-20,28.24,4.14722E+12
Leahton,2019-03-06,14.87,3.83989E+12
North Jasmine,2019-02-06,9.12,3.92898E+12
South Karenland,2019-01-03,39.16,5.4886E+12
Grahamburgh,2019-03-19,33.14,4.37743E+12
West Robert,2019-03-29,17.53,8.3367E+12
Williamsview,2019-02-18,18.75,4.14843E+12
Barajasview,2019-01-04,12.25,1.65711E+12
Williamsview,2019-01-01,5.42,5.67617E+12
West Ericstad,2019-02-05,30.89,2.46403E+12
Lake Danielberg,2019-01-05,28.79,9.79209E+12
Barajasview,2019-03-29,29.55,3.83835E+12
Liumouth,2019-03-03,26.6,4.27897E+12
West Patrickchester,2019-03-06,31.33,2.57412E+12
Lake Scottton,2019-01-13,24.81,3.95503E+11
Liumouth,2019-01-04,34.77,8.50062E+12
Williamsstad,2019-01-03,17.16,28294640252
Lake Danielberg,2019-02-04,24.49,8.59545E+11
Justinberg,2019-02-28,14.4,1.13186E+12
Jerryton,2019-03-07,15.82,8.11235E+12
New Jacobville,2019-03-12,28.12,3.35477E+12
Loganberg,2019-01-03,34.42,2.37725E+11
West Patrickchester,2019-03-02,25.28,8.92071E+12
South Evanton,2019-01-02,16.96,9.4077E+12
North Markport,2019-05-04,28.93,1.47166E+12
Port Angela,2019-04-02,25.84,8.02244E+12
Richardfort,2019-04-14,43.01,7.63601E+12
Rogerston,2019-01-27,13.4,9.76436E+12
East Kaylahaven,2019-02-11,4.75,9.78298E+12
Raymondhaven,2019-02-28,21.78,1.85383E+12
Loganberg,2019-02-20,41.16,4.36066E+12
South Jack,2019-02-17,18.08,3.66666E+12
West Ericstad,2019-05-05,7.76,8.379E+12
Port Frank,2019-02-21,19.81,2.18514E+12
Simpsonburgh,2019-01-23,39.95,1.10866E+12
Simpsonburgh,2019-01-08,13.01,9.41335E+12
South Evanton,2019-02-08,38.21,56240519093
Loganberg,2019-03-30,40.8,3.17202E+12
New Paulville,2019-03-08,18.35,3.73613E+12
East Kaylahaven,2019-04-30,37.41,1.75979E+12
West Gabriel,2019-01-31,6.8,1.04228E+12
South Phillip,2019-03-15,22.28,6.02373E+12
Richardfort,2019-01-21,10.91,3.56761E+12
Williamsview,2019-03-22,15.85,8.54953E+12
West Patrickchester,2019-02-16,12.15,9.17737E+12
North Jason,2019-05-07,24.2,3.91568E+12
Karenberg,2019-04-13,23.73,4.05641E+11
East Kaylahaven,2019-03-24,32.21,6.71006E+12
Lake Jonathanshire,2019-04-09,15.96,5.77276E+11
Williamsstad,2019-03-12,13.79,5.77164E+12
Deanville,2019-01-28,31.65,6.4977E+11
South Latoya,2019-02-25,25.87,4.91156E+12
South Karenland,2019-02-26,38.05,4.45164E+11
Justinberg,2019-01-27,28.41,3.49488E+12
South Michelleport,2019-04-21,36.47,3.39469E+12
Lake Jonathanshire,2019-01-16,26.27,3.26766E+12
Jerryton,2019-03-25,9.64,9.4837E+12
Grahamburgh,2019-02-23,41.98,3.68757E+12
South Karenland,2019-02-26,35.61,8.41397E+12
Johnton,2019-04-29,17.89,1.26625E+12
Justinberg,2019-01-24,38.79,1.68719E+12
Grahamburgh,2019-02-02,22.53,6.58308E+12
North Markport,2019-01-17,8.68,9.30356E+11
Port Samanthamouth,2019-01-01,11.71,1.84966E+12
West Angela,2019-04-11,29.06,7.13854E+11
Port David,2019-03-03,13.41,6.41354E+12
Christopherfurt,2019-02-23,15.61,8.29529E+12
Lake Scottton,2019-02-27,9.43,8.16781E+12
Valentineton,2019-01-03,37.4,4.18129E+12
Jerryton,2019-02-19,21.27,2.52355E+12
Reynoldsfurt,2019-03-21,11.97,9.40611E+12
Hurleymouth,2019-02-24,8.33,2.05179E+12
South Latoya,2019-03-13,16.01,2.75506E+12
North Jasmine,2019-03-21,39.02,7.92553E+12
Richardfort,2019-03-16,21.39,2.37473E+11
Roberthaven,2019-05-03,42.15,2.59337E+12
South Michelleport,2019-01-05,39.9,6.10707E+12
Port Johnbury,2019-01-15,40.32,2.121E+12
Loganberg,2019-01-31,20.36,1.81676E+12
Robertport,2019-04-30,14.81,1.46874E+12
South Michelleport,2019-02-27,10.4,6.4751E+12
New Jacobville,2019-03-03,41.39,3.09155E+12
Martinezhaven,2019-04-12,11.55,9.3063E+12
West Gabriel,2019-04-08,13.31,8.62991E+12
South Jack,2019-04-10,29.97,6.13496E+12
New Paulville,2019-01-05,21.57,3.71314E+12
Royland,2019-01-11,18.42,5.57837E+12
Roberthaven,2019-01-15,30.42,5.91251E+12
Justinberg,2019-03-12,24.41,3.08565E+12
West Angela,2019-02-21,40.55,1.8321E+12
North Madeline,2019-01-30,16.5,8.65191E+12
Port Angela,2019-02-03,6.42,9.46522E+12
North Jason,2019-03-30,12.04,6.61757E+12
West Patrickchester,2019-04-18,29.12,8.00982E+12
North Jason,2019-03-27,30.66,3.37133E+12
West Anthony,2019-02-03,19.66,2.90928E+12
Liumouth,2019-04-29,32.1,2.69675E+12
Martinezhaven,2019-04-13,40.2,8.8566E+12
West Josephberg,2019-01-12,5.77,5.09474E+12
Simpsonburgh,2019-01-05,39.44,2.52492E+11
New Paulville,2019-01-05,44.68,3.08438E+12
Christopherfurt,2019-02-04,41.12,8.0774E+11
Johnton,2019-03-15,30.27,1.60498E+12
South Jack,2019-02-06,7.71,6.33202E+12
Joneschester,2019-03-28,7.56,4.60611E+12
Lake Danielberg,2019-02-23,9.25,8.3041E+12
Port Frank,2019-01-18,19.98,4.49344E+12
Lake Jonathanshire,2019-01-21,37.25,2.96654E+12
Rogerston,2019-03-07,27.26,9.44596E+12
South Karenland,2019-01-02,19.57,7.2722E+12
West Gabriel,2019-01-15,11.71,3.84243E+12
West Gabriel,2019-01-12,31.98,2.98688E+12
Robertport,2019-03-17,14.61,8.50145E+12
West Christopherberg,2019-04-03,33.03,1.47876E+12
Lake Scottton,2019-04-02,43.2,3.92721E+12
West Christopherberg,2019-02-07,10.91,3.7308E+12
West Anthony,2019-04-18,11.2,3.22174E+12
Robertport,2019-04-16,36.11,5.88655E+12
Erikaland,2019-03-27,26.25,4.8088E+12
Williamsview,2019-01-17,32.29,7.45158E+12
West Robert,2019-01-30,43.02,7.20018E+12
Hurleymouth,2019-02-06,32.93,4.14023E+12
New Paulton,2019-02-21,27.56,3.95458E+12
Deanville,2019-01-07,21.5,9.422E+12
Karenside,2019-01-12,37.73,1.87305E+12
New Paulton,2019-03-12,38.26,79314274773
Port Samanthamouth,2019-04-09,24.99,6.74323E+12
South Phillip,2019-05-03,8.3,8.58023E+12
Lake Danielberg,2019-02-06,29.96,2.332E+12
Martinezhaven,2019-02-06,40.29,4.66519E+12
Pattyland,2019-04-12,28.65,6.92423E+12
Port Johnbury,2019-02-05,7.44,3.00833E+12
Richardfort,2019-03-22,16.35,5.93424E+12
Valentineton,2019-02-17,37.19,5.02045E+12
Rodneyfort,2019-04-19,35.79,9.9172E+12
West Christopherberg,2019-04-19,22.86,9.74885E+12
Valentineton,2019-03-08,43.59,5.85967E+12
New Jacobville,2019-02-21,40.05,3.01798E+12
Joneschester,2019-05-05,21.74,2.72918E+12
Johnton,2019-01-14,19.68,8.53436E+12
West Heidi,2019-01-29,38.68,4.81894E+12
West Christopherberg,2019-04-11,4.88,7.74085E+12
West Angela,2019-03-17,23.45,7.76633E+12
South Evanton,2019-01-09,40.73,6.52965E+12
West Gabriel,2019-01-23,40.17,9.15793E+12
Carriemouth,2019-04-05,38.17,8.1612E+12
West Ericstad,2019-03-18,23.62,6.20924E+12
North Jasmine,2019-04-22,6.49,1.61729E+12
Martinezhaven,2019-04-30,36.07,1.51773E+12
West Gabriel,2019-02-17,17.03,4.38581E+12
Liumouth,2019-03-06,37.4,6.02124E+11
Roberthaven,2019-05-02,21.8,3.45671E+12
West Angela,2019-02-21,27.68,7.91846E+11
West Robert,2019-02-01,30.94,2.18488E+11
Carriemouth,2019-04-27,8.28,4.51752E+11
North Jason,2019-01-08,10.74,1.77736E+12
West Angela,2019-04-13,28.75,3.69751E+12
Reynoldsfurt,2019-02-03,6.34,5.56069E+12
Lake Jonathanshire,2019-04-11,22.48,3.50546E+12
New Kimberlyborough,2019-02-05,18.02,3.97912E+12
Jerryton,2019-03-23,37.89,4.27522E+12
Joneschester,2019-03-04,41.65,9.83027E+12
Lake Jonathanshire,2019-02-16,17.58,3.64178E+12
Richardfort,2019-01-03,5.32,3.26884E+12
Deanville,2019-01-29,25.39,9.62339E+12
Richardfort,2019-03-29,37.76,4.80269E+12
Royland,2019-03-23,13.7,8.50573E+12
Jerryton,2019-04-20,29.84,8.12967E+12
Lake Jonathanshire,2019-01-17,28.42,6.54422E+12
Karenberg,2019-04-24,34.67,6.99554E+12
Joneschester,2019-02-17,10.52,3.38231E+12
Rogerston,2019-02-27,27.4,6.53537E+12
North Jason,2019-01-11,19.64,6.87701E+12
Reynoldsfurt,2019-04-11,38.35,6.51789E+12
Rogerston,2019-01-26,11.13,9.1174E+12
Grahamburgh,2019-03-11,34.53,1.66809E+12
Lake Jonathanshire,2019-01-21,22.36,2.5221E+12
Lake Danielberg,2019-03-05,44.77,9.04235E+11
Liumouth,2019-01-30,22.9,2.85206E+12
West Gabriel,2019-01-28,5.58,8.43799E+12
North Jason,2019-01-24,40.15,6.72007E+12
West Robert,2019-03-16,42.89,3.37131E+12
Huntermouth,2019-01-24,42.36,2.8811E+12
Karenside,2019-01-17,11.6,2.89616E+12
Karenberg,2019-02-19,12.25,3.87193E+12
Amandaburgh,2019-01-29,41.06,4.29686E+12
West Robert,2019-02-18,44.97,3.41568E+11
Pattyland,2019-01-12,17.85,1.71752E+12
West Robert,2019-02-19,40.64,5.09E+12
Lake Jonathanshire,2019-02-23,26.63,5.37249E+12
Raymondhaven,2019-03-31,7.67,3.67767E+12
New Kimberlyborough,2019-04-24,37.73,2.21122E+12
North Jasmine,2019-05-08,18.55,5.68202E+12
Reynoldsfurt,2019-02-09,21.02,6.19709E+12
West Anthony,2019-03-08,41.3,1.15469E+12
West Christopherberg,2019-01-30,16.85,7.33726E+12
Erikaland,2019-02-11,35.89,1.69228E+12
Port Samanthamouth,2019-02-02,39.28,2.67126E+12
New Jacobville,2019-04-30,5.6,3.97572E+12
Huntermouth,2019-03-27,22.64,9.53674E+12
Joneschester,2019-03-19,42.74,4.49621E+12
Port Frank,2019-01-15,30.93,8.72614E+12
Leahton,2019-03-03,43.44,4.29092E+12
Raymondhaven,2019-02-07,38.67,8.35296E+12
South Latoya,2019-04-22,27.54,3.39138E+12
West Ericstad,2019-03-04,43.98,6.43494E+12
Liumouth,2019-04-12,10.53,8.95452E+12
Port Johnbury,2019-04-25,10.26,2.97708E+12
Robertport,2019-04-18,24.48,4.26763E+12
South Michelleport,2019-04-27,27.89,3.55231E+11
Grahamburgh,2019-02-16,30.23,5.12414E+12
Liumouth,2019-04-02,25.56,9.54429E+12
Grahamburgh,2019-04-10,37.67,1.44887E+12
Rogerston,2019-02-03,4.41,1.71871E+12
New Paulville,2019-01-21,33.47,8.22124E+12
Liumouth,2019-02-28,30.3,2.08181E+12
Port Frank,2019-02-06,34.86,3.93596E+12
Loganberg,2019-02-21,36.21,8.54227E+12
Karenside,2019-03-21,26.69,7.72892E+12
West Angela,2019-04-14,39.95,7.95004E+12
West Josephberg,2019-01-31,38.28,4.1956E+12
West Samuelburgh,2019-02-22,7.13,2.71785E+12
Lake Danielberg,2019-02-06,30.31,3.3967E+12
Johnton,2019-01-31,23.36,3.67134E+12
West Ericstad,2019-01-21,8.07,7.50604E+12
Lake Scottton,2019-04-18,4.36,5.84381E+12
North Jasmine,2019-04-17,11.76,4.45094E+12
North Jason,2019-04-15,42.29,5.00803E+12
North Jason,2019-03-04,38.49,3.33803E+12
Lake Danielberg,2019-02-17,11.7,4.87433E+12
Christopherfurt,2019-04-04,24.47,5.71641E+11
Port Johnbury,2019-01-04,32.75,1.73729E+12
Port Angela,2019-05-04,21.62,6.30251E+12
Port Frank,2019-04-28,15,7.32119E+12
North Barbara,2019-01-08,25.84,3.50517E+12
North Jason,2019-04-14,8.05,7.83372E+12
Barajasview,2019-01-12,21.64,3.01003E+12
North Jasmine,2019-01-13,16.92,5.89668E+12
South Karenland,2019-04-25,36.71,7.08537E+12
West Gabriel,2019-02-20,28.13,7.46721E+12
Carriemouth,2019-03-25,26.4,4.29352E+12
Huntermouth,2019-03-17,30.31,6.90976E+12
Valentineton,2019-01-12,42.31,5.90146E+12
East Kaylahaven,2019-01-29,26.79,5.03819E+12
Lake Danielberg,2019-04-12,41.45,5.3387E+12
West Robert,2019-01-15,33.91,2.16116E+12
Williamsstad,2019-04-04,31.52,7.78427E+11
Port David,2019-04-22,30.03,7.35559E+12
Karenside,2019-03-03,19.19,1.72349E+12
Valentineton,2019-03-16,5.23,7.40781E+12
New Kimberlyborough,2019-04-03,43.07,5.60378E+12
New Jacobville,2019-04-20,13.35,9.25917E+12
Joneschester,2019-04-13,27.36,7.53038E+12
Joneschester,2019-04-20,30.12,8.9725E+12
Jerryton,2019-03-24,31.47,5.42425E+12
Grahamburgh,2019-01-03,17.61,7.87723E+12
Royland,2019-01-18,32.11,4.54884E+12
West Robert,2019-03-10,6.74,6.67518E+12
Karenside,2019-02-19,17.41,1.21725E+12
Williamsview,2019-04-18,39.79,8.74553E+12
Simpsonburgh,2019-03-03,7.63,4.17678E+12
West Angela,2019-05-07,12.35,2.05051E+12
West Heidi,2019-01-15,21.44,83498621902
Leahton,2019-03-13,36.79,6.21413E+12
Reynoldsfurt,2019-02-14,39.4,9.07069E+12
Christopherfurt,2019-03-13,32.05,2.78882E+12
Raymondhaven,2019-03-20,38.53,8.65826E+12
Port Johnbury,2019-03-26,7.63,8.08928E+12
West Gabriel,2019-05-05,27.57,4.42877E+12
Barronchester,2019-01-27,27.79,6.65362E+12
East Kentstad,2019-04-07,18.75,6.57596E+12
Lake Omar,2019-01-17,21.71,9.66912E+11
Myersshire,2019-02-27,17.1,5.70677E+12
West Hannah,2019-04-19,37.78,2.27305E+12
East Marymouth,2019-03-29,37.6,6.37086E+12
New Raymond,2019-02-25,20.44,5.98451E+12
Lake Robertside,2019-01-11,46.51,6.57433E+12
Josephside,2019-03-30,44.74,5.59269E+12
Brandonfort,2019-01-14,28.02,8.10026E+12
Josephside,2019-02-07,31.94,3.18569E+12
New Raymond,2019-03-21,22.12,6.03176E+12
Lewisland,2019-02-14,42.31,5.80386E+11
East Kentstad,2019-01-22,35.01,8.75087E+12
Myersshire,2019-04-29,17.99,1.1271E+12
Myersshire,2019-01-10,45.81,7.01426E+12
Lewisland,2019-01-30,32.4,5.09921E+12
West Hannah,2019-03-22,25.86,7.62491E+12
North Richardhaven,2019-02-18,41.54,4.26738E+12
New Olivia,2019-03-29,44.12,7.72447E+12
New Shannonberg,2019-03-19,25.46,3.74753E+11
Barronchester,2019-05-05,30.38,2.28152E+12
Nicolechester,2019-02-09,40.83,85473064902
New Raymond,2019-03-18,36.26,3.15141E+12
New Raymond,2019-05-03,48.56,9.49503E+12
Victoriaport,2019-04-21,12.13,3.31312E+12
South Teresa,2019-01-29,38.47,5.74618E+12
North Richardhaven,2019-04-07,36.32,5.01429E+12
East Aaronbury,2019-03-19,20.04,4.11747E+12
South Teresa,2019-02-23,46.02,4.62313E+12
Bethanyland,2019-04-01,38.71,8.22108E+12
Lake Scott,2019-01-10,37.96,8.13067E+12
East Marymouth,2019-01-16,46.2,1.18197E+12
North Jeffrey,2019-02-04,29.87,7.90957E+12
Rodriguezview,2019-03-27,49.65,8.74896E+12
Bethanyland,2019-03-15,37.09,6.24319E+12
East Kentstad,2019-05-01,39.29,1.98661E+12
Myersshire,2019-01-06,22.8,4.99304E+11
Lake Robertside,2019-03-05,29.12,4.05849E+12
Sotoville,2019-03-29,34.97,7.31396E+12
South Brenda,2019-04-28,27.86,5.85721E+12
Port Shane,2019-04-09,27.66,4.02234E+12
Lake Omar,2019-03-26,48.26,5.01409E+12
Lake Robertside,2019-04-30,22.26,2.02043E+11
Lake Robertside,2019-03-18,44.21,9.83985E+12
South Brenda,2019-04-21,17.8,3.50092E+12
North Timothy,2019-04-06,38.39,4.78127E+12
Nicolechester,2019-04-10,38.08,8.12209E+12
Port Shane,2019-04-23,42.26,8.34198E+12
New Shannonberg,2019-04-20,30.82,6.82964E+12
Veronicaberg,2019-01-19,19.28,2.35108E+12
West Hannah,2019-01-09,14.41,1.04491E+12
Port Shane,2019-03-02,14.95,2.8032E+12
Nicolechester,2019-03-08,16.35,1.0458E+12
Victoriaport,2019-04-22,16.31,6.06917E+12
New Raymond,2019-01-05,22.5,7.83289E+12
New Shannonberg,2019-02-01,34.09,8.58872E+12
East Marymouth,2019-04-27,36.11,8.30746E+12
Williamsonville,2019-01-09,48.73,6.50771E+12
East Kentstad,2019-04-19,22.42,1.13656E+12
Victoriaport,2019-02-02,25.68,8.99739E+12
New Raymond,2019-01-02,45.32,8.88111E+12
Victoriaport,2019-04-02,12.19,6.9883E+12
Barronchester,2019-04-25,36.13,2.66018E+12
Brandonfort,2019-04-08,35.64,6.10953E+12
Lewishaven,2019-04-19,21.92,7.10899E+12
Brandonfort,2019-03-22,38.66,4.74854E+12
Port Shane,2019-03-26,19.03,6.0104E+12
East Marymouth,2019-03-21,17.43,1.62134E+12
New Shannonberg,2019-01-15,35.34,7.44588E+12
New Shannonberg,2019-05-05,16.77,8.38978E+12
Lake Ann,2019-02-14,42.13,6.1924E+12
Victoriaport,2019-03-14,16.5,7.10691E+12
North Richardhaven,2019-01-22,18.45,2.62773E+12
Rodriguezview,2019-04-20,23.58,3.28996E+12
Grayville,2019-04-06,18.11,6.20377E+12
Lake Robertside,2019-01-13,28.37,5.19968E+12
West Hannah,2019-02-01,33.85,8.29656E+12
New Olivia,2019-02-05,47.15,7.73682E+12
Grayville,2019-04-28,43.22,6.01891E+12
Port Shane,2019-03-15,31.58,2.55298E+12
Myersshire,2019-03-26,28.71,2.18065E+12
Lake Ann,2019-04-30,14.56,5.47077E+12
Colemanland,2019-04-20,20.83,2.98157E+12
West Kimmouth,2019-01-04,20.69,1.68721E+12
Lake Ann,2019-03-06,13.61,1.25755E+12
Lake Scott,2019-04-29,25.75,4.95951E+12
Mezachester,2019-03-25,21.89,2.29483E+12
Brandonfort,2019-05-02,48.63,4.44358E+12
Lake Scott,2019-03-26,26.24,1.98031E+12
Veronicaberg,2019-04-24,49.45,5.87763E+12
Lewisland,2019-01-25,32.38,8.33223E+12
Lake Scott,2019-05-07,21.72,7.62606E+12
East Marymouth,2019-04-03,26.93,3.38403E+12
Sotoville,2019-04-22,46.5,7.08815E+12
North Richardhaven,2019-03-03,18.17,3.25203E+12
New Shannonberg,2019-02-09,37.52,3.10791E+12
New Raymond,2019-05-01,14.2,1.53509E+12
Brandonfort,2019-01-02,49.95,1.29847E+12
Lake Scott,2019-01-03,47.97,8.02488E+12
Nicolechester,2019-05-02,36.59,6.82145E+12
East Marymouth,2019-05-01,13.17,9.05267E+12
Myersshire,2019-01-25,35.65,3.45946E+12
Nicolechester,2019-03-04,27.67,1.79041E+12
Davidfurt,2019-01-05,31.48,1.95392E+12
Josephside,2019-03-12,29.47,1.69718E+12
Myersshire,2019-01-02,33.62,6.48972E+12
Sotoville,2019-01-25,24.13,7.37216E+12
Veronicaberg,2019-02-02,26.42,8.45679E+12
Josephside,2019-01-18,33.07,7.12966E+12
Rodriguezview,2019-02-17,22.76,2.75037E+12
Lewisland,2019-04-08,35.16,5.71557E+12
Sotoville,2019-04-23,34.87,99483095214
Davidfurt,2019-01-17,28.28,6.64786E+12
Mezachester,2019-01-22,40.67,1.9569E+12
Josephside,2019-03-03,17.39,1.28038E+12
Mezachester,2019-03-18,40.81,9.43115E+12
New Shannonberg,2019-02-26,16.39,1.10594E+12
East Marymouth,2019-03-08,43.79,1.70317E+12
South Brenda,2019-01-19,44.36,6.10819E+12
Colemanland,2019-03-05,13.39,8.89492E+12
New Shannonberg,2019-05-03,34.08,1.76783E+12
East Aaronbury,2019-03-16,20.59,6.15302E+12
East Aaronbury,2019-01-27,28.56,5.98108E+12
East Danielview,2019-02-25,26.33,5.13607E+11
Barronchester,2019-03-31,44.24,1.25289E+12
Mezachester,2019-04-26,30.75,3.18164E+12
South Teresa,2019-04-02,23.78,2.95848E+11
East Kentstad,2019-03-24,31.53,1.90726E+12
Brandonfort,2019-03-19,45.52,2.01086E+11
New Shannonberg,2019-05-07,20.52,8.3137E+12
Grayville,2019-02-19,19.52,9.23398E+12
South Teresa,2019-03-28,17.5,9.66511E+12
East Marymouth,2019-03-12,38.26,5.23767E+12
Lake Robertside,2019-04-10,34.14,9.36351E+12
Colemanland,2019-03-02,36.81,1.16924E+11
South Brenda,2019-01-10,47.52,3.06909E+12
Lewisland,2019-01-28,35.6,9.36825E+12
New Raymond,2019-01-15,47.01,3.56811E+12
North Richardhaven,2019-01-01,31.15,7.18858E+12
Josephside,2019-04-17,32.72,6.31791E+12
Nicolechester,2019-04-05,19.57,1.10947E+12
Veronicaberg,2019-01-18,33.04,4.34135E+12
Colemanland,2019-02-20,43.09,8.70031E+12
Lewishaven,2019-04-20,21.23,8.13952E+12
Mezachester,2019-01-06,39.83,8.42238E+12
Williamsonville,2019-02-01,38.9,1.24799E+12
Josephside,2019-01-17,35.68,4.97337E+12
New Olivia,2019-04-17,30.81,1.52129E+12
East Marymouth,2019-01-27,43.06,6.91138E+12
Lewishaven,2019-04-27,14.01,6.52498E+12
North Richardhaven,2019-01-28,21.85,3.77662E+12
New Raymond,2019-03-08,34.45,8.89571E+12
South Teresa,2019-04-19,17.27,6.6817E+12
Lake Ann,2019-05-07,24.89,7.35679E+12
West Kimmouth,2019-01-13,19.47,6.50488E+12
East Marymouth,2019-04-12,33.18,9.39326E+12
North Jeffrey,2019-02-28,31.14,6.7957E+12
Myersshire,2019-01-26,49.22,1.97393E+12
Williamsonville,2019-01-17,28.65,6.11493E+12
Victoriaport,2019-01-20,38.74,1.20114E+11
West Hannah,2019-04-19,24.58,2.15878E+12
Williamsonville,2019-02-12,26.49,8.22248E+12
Lake Omar,2019-04-06,40.55,8.96999E+12
East Marymouth,2019-04-02,20,9.37293E+12
Brandonfort,2019-04-07,35.76,2.96585E+12
Lake Ann,2019-01-15,28.15,3.60289E+12
Lake Robertside,2019-01-23,46.83,3.57454E+12
Brandonfort,2019-02-06,35.41,5.05322E+12
New Olivia,2019-03-27,34.65,7.34528E+12
Veronicaberg,2019-01-08,30.66,7.83873E+12
New Shannonberg,2019-04-20,41.85,5.50909E+12
Grayville,2019-03-14,25.12,3.75225E+12
South Teresa,2019-03-12,23.46,8.44457E+11
South Brenda,2019-02-19,29.37,6.76015E+11
Lewisland,2019-01-07,17.57,3.76661E+12
Lake Robertside,2019-02-05,21.45,3.67028E+12
West Hannah,2019-02-18,40.22,8.80634E+12
West Kimmouth,2019-02-08,27.93,6.52477E+11
East Marymouth,2019-02-21,41.21,2.45224E+12
Grayville,2019-02-13,48.59,4.96495E+12
New Olivia,2019-03-05,19.21,8.45979E+12
North Timothy,2019-04-29,29.39,6.60934E+12
East Kentstad,2019-01-26,39.19,9.30935E+12
East Danielview,2019-04-19,28.28,1.49456E+11
Veronicaberg,2019-02-05,46.91,3.27189E+12
West Hannah,2019-02-06,18.33,1.40449E+12
West Hannah,2019-02-16,20.35,7.96086E+12
Port Shane,2019-03-17,20.74,7.22872E+12
East Marymouth,2019-03-06,35.95,5.14728E+12
Veronicaberg,2019-04-25,24.51,6.52896E+12
Lewisland,2019-01-25,44.61,7.55798E+12
West Kimmouth,2019-03-16,35.36,6.75829E+12
North Timothy,2019-04-20,46.24,2.78545E+12
New Olivia,2019-01-27,46.97,3.2007E+12
West Hannah,2019-03-25,40.11,4.49637E+12
Lake Ann,2019-01-24,32.31,2.98517E+12
Myersshire,2019-03-15,15.71,2.81357E+12
New Raymond,2019-02-28,17.09,4.63337E+12
South Teresa,2019-02-12,33.19,7.57892E+11
North Timothy,2019-01-22,48.45,5.69683E+12
East Danielview,2019-04-07,18.98,6.29412E+12
Lake Scott,2019-01-30,48.78,1.36238E+12
Grayville,2019-04-14,49.85,9.37012E+12
South Teresa,2019-03-25,17.99,7.61376E+12
Lake Robertside,2019-04-01,28.07,1.6774E+12
Barronchester,2019-03-02,36.49,4.03157E+12
Nicolechester,2019-05-02,23.06,5.82838E+12
Lewishaven,2019-01-15,22.44,9.66134E+12
Lake Omar,2019-02-26,12.49,4.14493E+12
Victoriaport,2019-01-23,27.09,3.32811E+11
Williamsonville,2019-03-19,44.85,9.12022E+12
South Brenda,2019-01-03,19.99,5.34802E+12
New Olivia,2019-01-25,39.12,7.57471E+12
New Raymond,2019-05-03,13.36,8.61049E+12
West Kimmouth,2019-02-06,13.59,8.83791E+12
West Hannah,2019-05-05,36.08,1.86598E+12
East Aaronbury,2019-04-19,29.27,7.20171E+12
Lewisland,2019-03-10,40.27,6.28444E+12
North Timothy,2019-01-14,15.06,1.23675E+12
Rodriguezview,2019-02-15,45.4,5.20469E+11
North Jeffrey,2019-03-07,29.34,2.59227E+12
Josephside,2019-02-22,16.97,1.75796E+12
Grayville,2019-01-03,12.6,8.66343E+12
West Kimmouth,2019-03-07,29.43,7.6803E+12
Davidfurt,2019-03-26,28.69,5.1035E+12
South Brenda,2019-01-16,20.27,3.31823E+12
North Timothy,2019-01-17,40.87,1506044208
North Richardhaven,2019-03-14,13.09,5.41369E+12
New Raymond,2019-03-17,18.09,5.03486E+12
North Jeffrey,2019-02-28,46.4,7.54697E+12
Lake Scott,2019-02-18,38.47,1.40263E+12
Colemanland,2019-01-01,47.74,2.21591E+12
Lake Robertside,2019-03-27,29.07,2.04476E+12
West Hannah,2019-01-27,22.42,3.20438E+12
Bethanyland,2019-02-11,23.06,4.37474E+12
Bethanyland,2019-05-03,40.85,6.70064E+12
New Olivia,2019-04-10,30.41,7.89464E+12
North Timothy,2019-02-25,22.27,8.60443E+12
West Kimmouth,2019-01-17,24.22,8.37624E+12
Lewishaven,2019-03-02,33.22,8.10002E+11
Grayville,2019-02-18,12.55,9.99956E+11
East Marymouth,2019-05-04,39.07,4.4593E+12
Davidfurt,2019-03-15,48.34,2.4061E+12
Sotoville,2019-01-01,24.07,7.82743E+12
Mezachester,2019-04-29,28.43,7.2853E+12
Veronicaberg,2019-01-20,22.02,4.11034E+12
Lewishaven,2019-01-02,20.68,8.8438E+12
Josephside,2019-03-19,37.42,6.75844E+12
West Kimmouth,2019-04-05,28.07,3.8669E+12
New Raymond,2019-03-06,15.53,6.11832E+12
Barronchester,2019-04-07,21.95,9.35581E+12
South Teresa,2019-02-24,48.8,8.24317E+12
Lake Robertside,2019-01-14,21.46,2.93261E+12
Josephside,2019-02-07,15.98,6.78892E+12
West Hannah,2019-02-17,12.6,2.7285E+12
South Brenda,2019-03-23,40.53,2.61964E+12
Williamsonville,2019-02-19,22.23,1.78416E+12
New Raymond,2019-01-07,28.74,4.25285E+12
Brandonfort,2019-01-11,37.35,8.70194E+12
Colemanland,2019-02-21,30.97,4.04653E+12
South Teresa,2019-04-19,34.93,9.23316E+12
Myersshire,2019-03-25,18.16,2.36425E+12
East Danielview,2019-03-02,14.32,2.1061E+12
West Hannah,2019-04-23,47.08,6.28059E+12
Nicolechester,2019-01-07,27.44,1.91836E+12
Barronchester,2019-02-18,42.32,3.49352E+12
North Timothy,2019-05-07,26.3,4.90517E+12
East Aaronbury,2019-04-08,21.29,6.30561E+11
Bethanyland,2019-03-26,24.27,7.24723E+12
East Danielview,2019-05-03,48.24,3.3281E+12
New Olivia,2019-01-03,38.31,93262977180
Rodriguezview,2019-01-09,29.19,38504866921
Victoriaport,2019-02-27,44.91,6.92663E+12
North Jeffrey,2019-01-23,27.11,6.33205E+12
New Olivia,2019-02-06,13.03,1.37741E+12
East Danielview,2019-02-28,42.71,2.32233E+12
Bethanyland,2019-02-18,38.8,9.38223E+12
Colemanland,2019-02-01,16.11,7.60029E+12
Grayville,2019-02-26,12.64,5.43831E+11
Nicolechester,2019-03-14,47.93,4.42338E+12
Bethanyland,2019-02-03,22.82,9.67569E+12
Nicolechester,2019-01-12,30.79,9.52338E+12
Port Shane,2019-04-24,45.92,5.38891E+12
Brandonfort,2019-05-03,41.62,3.18313E+12
West Kimmouth,2019-04-15,27.16,8.18072E+12
Williamsonville,2019-01-30,36.81,8.08567E+12
Josephside,2019-04-02,49.33,4.82647E+11
Josephside,2019-02-17,38.24,1.24677E+12
Mezachester,2019-04-01,24.4,8.95952E+12
Josephside,2019-01-18,14.75,6.14037E+12
North Richardhaven,2019-04-04,23.79,1.14566E+12
Bethanyland,2019-02-08,28.27,5.51853E+12
Lake Scott,2019-01-24,47.83,6.81244E+12
East Danielview,2019-02-19,31.72,7.45253E+12
East Aaronbury,2019-02-24,36.88,9.77719E+12
Sotoville,2019-03-28,34.03,3.99885E+12
Lewishaven,2019-01-18,32.13,2.82058E+12
Josephside,2019-04-01,23.73,6.1245E+12
Nicolechester,2019-02-04,49.21,4.28043E+12
Josephside,2019-03-07,39.17,6.54097E+12
East Kentstad,2019-05-07,38.74,41356844955
Colemanland,2019-02-28,35.07,8.31333E+12
Lewishaven,2019-02-22,20.35,3.26261E+12
Lake Robertside,2019-04-02,21.31,4.62757E+12
Lake Scott,2019-03-16,28.99,6.20094E+12
Josephside,2019-05-02,21.33,6.69796E+12
South Brenda,2019-02-19,45.55,1.08908E+12
Williamsonville,2019-01-14,40.72,7.26212E+12
Colemanland,2019-02-26,32.7,7.01549E+12
New Olivia,2019-03-19,33.43,2.16378E+12
Lake Robertside,2019-03-12,31.23,3.34793E+12
Rodriguezview,2019-05-01,26.92,1.69386E+12
Brandonfort,2019-03-26,19.22,8.65846E+12
Victoriaport,2019-02-24,45.66,3.82143E+12
North Richardhaven,2019-01-20,20.89,6.06804E+12
Colemanland,2019-04-29,34.77,3.00413E+11
Williamsonville,2019-04-04,18.77,7.55468E+12
Barronchester,2019-03-06,46.07,4.55352E+12
Lewisland,2019-02-27,36.26,6.39214E+12
New Raymond,2019-03-07,26.55,6.93053E+12
South Brenda,2019-01-01,25.56,2.61354E+12
South Brenda,2019-03-21,49.59,3.89294E+12
North Timothy,2019-04-14,41.17,2.43823E+12
East Marymouth,2019-05-06,34.12,9.2158E+12
Barronchester,2019-03-26,30.32,1.77556E+12
Mezachester,2019-02-16,29.25,9.835E+12
East Kentstad,2019-04-19,44.82,7.4976E+11
East Marymouth,2019-01-11,12.21,56113993388
East Marymouth,2019-02-04,31.44,9.30907E+12
New Olivia,2019-02-03,42.89,7.78115E+12
North Jeffrey,2019-04-09,21.2,8.49076E+12
North Richardhaven,2019-01-19,41.94,4.57841E+12
Lake Scott,2019-05-05,18.48,7.98853E+12
West Kimmouth,2019-05-01,23.69,1.24693E+12
Lewisland,2019-02-21,23.3,7.49638E+12
Mezachester,2019-01-13,23.83,5.27085E+12
Williamsonville,2019-05-07,26.11,2.81673E+12
East Marymouth,2019-04-04,23.38,8.03394E+12
Veronicaberg,2019-05-07,42.48,3.34219E+12
Lewisland,2019-03-28,43.77,7.96383E+12
Lewisland,2019-02-06,33.22,5.52629E+12
Josephside,2019-02-24,40.92,1.75388E+11
Bethanyland,2019-03-17,44.81,4.17323E+12
North Richardhaven,2019-02-07,12.58,1.42675E+12
West Kimmouth,2019-03-09,35.3,5.03886E+12
Lake Robertside,2019-03-14,35.79,8.73916E+12
New Shannonberg,2019-02-18,21.66,8.77423E+12
North Jeffrey,2019-01-14,25.02,4.71896E+12
Nicolechester,2019-01-08,26.16,8.90381E+11
Williamsonville,2019-03-06,25.69,8.75561E+11
Colemanland,2019-04-23,16.1,3.62574E+12
West Hannah,2019-04-02,33.41,3.05586E+11
South Brenda,2019-01-16,47.66,4.35784E+12
Grayville,2019-03-05,14.15,3.50358E+12
Port Shane,2019-01-28,45.7,5.71797E+12
Veronicaberg,2019-02-09,26.39,1.33283E+12
North Jeffrey,2019-02-18,35.03,4.4807E+12
Nicolechester,2019-02-10,37.22,3.46427E+12
Grayville,2019-03-20,35.34,3.55075E+12
West Kimmouth,2019-03-29,34.84,1.76961E+12
New Raymond,2019-04-08,46.37,2.49397E+11
West Kimmouth,2019-01-09,19.77,6.84129E+11
Brandonfort,2019-01-10,40.2,9.84078E+12
Victoriaport,2019-01-26,23.94,4.20032E+12
Port Shane,2019-04-06,43.21,1.9145E+12
Brandonfort,2019-03-13,21.62,9.83955E+12
North Jeffrey,2019-01-10,33.85,8.08941E+12
New Shannonberg,2019-04-20,46.8,5.91725E+11
Barronchester,2019-03-20,35.09,4.84215E+12
Josephside,2019-04-26,27.2,3.02737E+12
Rodriguezview,2019-05-05,25.19,5.10654E+12
South Teresa,2019-03-26,37.29,8.50175E+11
Port Shane,2019-01-15,33.95,5.35562E+12
New Shannonberg,2019-05-02,13.08,5.6481E+12
Rodriguezview,2019-04-24,18.22,6.27133E+12
Lake Ann,2019-02-16,39.8,1.71208E+12
Myersshire,2019-04-15,32.13,6.92114E+12
Colemanland,2019-04-22,31.43,8.42816E+12
Veronicaberg,2019-01-11,31.26,8.82167E+12
Lewishaven,2019-01-20,35,5.77226E+12
South Brenda,2019-03-04,16.6,2.24159E+12
East Marymouth,2019-01-23,24.91,5.9999E+12
Rodriguezview,2019-04-28,26.61,4.83979E+12
Grayville,2019-01-07,34.62,8.23837E+12
Nicolechester,2019-03-08,31.71,5.15797E+12
Lake Scott,2019-05-02,35.54,8.21897E+12
Rodriguezview,2019-01-12,26.41,8.99334E+11
South Teresa,2019-03-01,34.24,2.68712E+12
Lake Scott,2019-01-24,23.8,8.22938E+12
South Brenda,2019-01-28,30.98,5.99776E+12
South Brenda,2019-01-05,47.38,2.88574E+12
Josephside,2019-02-03,43.39,7.79497E+12
Myersshire,2019-04-20,37.15,4.25308E+12
East Danielview,2019-01-15,21.97,2.3248E+11
North Timothy,2019-02-16,14.94,7.96424E+12
Sotoville,2019-04-22,31.24,9.47486E+11
Grayville,2019-01-25,39.35,6.10511E+12
Myersshire,2019-04-30,41.25,5.29359E+12
Barronchester,2019-01-09,38.57,1.24687E+12
Mezachester,2019-01-02,47.07,8.98836E+12
East Marymouth,2019-01-19,29.94,3.88682E+11
West Kimmouth,2019-02-10,23.35,6.12096E+12
Veronicaberg,2019-01-31,23.41,4.29992E+12
Josephside,2019-04-10,32.26,5.71935E+12
Sotoville,2019-04-27,28.84,9.91397E+12
Veronicaberg,2019-01-18,44.05,1.68015E+12
Victoriaport,2019-03-19,29.54,3.04973E+12
New Raymond,2019-01-10,49.19,7.82715E+12
West Hannah,2019-02-13,42.61,8.81326E+11
East Danielview,2019-05-02,19.41,8.11909E+12
Veronicaberg,2019-01-29,48.05,5.23295E+12
Davidfurt,2019-02-03,33.84,7.1593E+12
Davidfurt,2019-02-20,46.67,2.88213E+12
South Teresa,2019-04-25,38.81,8.75807E+12
West Hannah,2019-01-07,46.64,5.78857E+12
Lake Ann,2019-03-30,23.87,5.12673E+12
Bethanyland,2019-01-25,41.85,5.32729E+12
East Danielview,2019-02-14,20.26,7.52786E+12
South Brenda,2019-02-13,31.67,7.82461E+12
Colemanland,2019-04-16,42.08,9.74604E+12
Davidfurt,2019-04-06,17.99,8.57811E+12
Bethanyland,2019-01-28,23.73,4.13245E+12
Sotoville,2019-01-21,34.06,5.6975E+11
East Aaronbury,2019-01-10,23.02,9.26542E+12
Colemanland,2019-01-11,49.28,4.06453E+12
Lewishaven,2019-04-27,18.56,4.91983E+12
Lake Omar,2019-01-17,28.54,8.21283E+12
New Shannonberg,2019-02-12,15.31,9.47627E+12
North Jeffrey,2019-02-16,26.66,7.46905E+12
South Brenda,2019-02-14,16.86,5.97645E+12
North Richardhaven,2019-02-07,27.02,6.40777E+11
South Brenda,2019-04-10,35.83,4.34284E+12
Grayville,2019-01-20,24.53,6.94759E+12
Victoriaport,2019-01-15,14.87,8.29884E+12
South Teresa,2019-04-27,45.77,4.66093E+12
East Marymouth,2019-04-23,33.66,8.23818E+12
Lake Omar,2019-03-03,33.97,1.57056E+12
Lake Scott,2019-02-18,47.37,2.72568E+12
Port Shane,2019-02-16,22.81,8.25362E+12
Davidfurt,2019-04-27,45.98,5.455E+12
Lake Ann,2019-01-10,18.22,2.89588E+12
New Raymond,2019-01-31,12.87,2.30062E+12
West Hannah,2019-03-09,21.44,8.3286E+12
Port Shane,2019-03-23,18.58,3.26138E+12
Barronchester,2019-02-04,45.75,7.21653E+12
Davidfurt,2019-02-12,49.55,3.63931E+12
Grayville,2019-05-01,26.26,6.82274E+12
Lake Robertside,2019-02-24,41.57,9.69893E+12
North Richardhaven,2019-01-16,21.06,1.76436E+12
Lewisland,2019-03-01,43.77,5.01347E+12
Mezachester,2019-02-13,38.55,8.13338E+12
Sotoville,2019-01-02,44.71,9.90388E+12
Mezachester,2019-04-19,17.51,1.7345E+12
South Teresa,2019-04-15,23.06,6.61719E+12
Davidfurt,2019-02-18,17.06,2.08406E+12
Lewisland,2019-02-18,23.87,4.51327E+12
East Aaronbury,2019-04-04,16.9,7.21704E+12
Mezachester,2019-02-17,34.17,1.42135E+12
North Timothy,2019-02-24,12.86,3.76466E+12
Veronicaberg,2019-04-23,47.51,9.50712E+12
Lake Scott,2019-03-16,20.1,5.40659E+12
New Raymond,2019-03-19,28.19,3.97789E+12
Josephside,2019-02-10,35.39,8.53682E+12
East Kentstad,2019-03-18,33.83,6.26555E+11
Williamsonville,2019-04-25,32.93,5.56442E+11
East Kentstad,2019-04-12,17.26,8.43953E+12
New Olivia,2019-03-22,24.8,4.46562E+12
Lake Ann,2019-02-08,40.27,3.07966E+12
Lake Omar,2019-03-29,14.77,6.60287E+12
Lake Omar,2019-01-17,35.94,8.67508E+12
Josephside,2019-02-28,41.18,2.44149E+12
East Kentstad,2019-03-04,20.83,2.47007E+12
Williamsonville,2019-03-22,38.41,1.33934E+12
Bethanyland,2019-04-30,27.99,9.68219E+12
North Timothy,2019-04-18,26.98,3.67836E+12
Lake Ann,2019-03-13,45.43,3.35808E+11
Mezachester,2019-04-14,15.17,8.11601E+12
New Shannonberg,2019-04-17,39.47,6.59893E+12
West Kimmouth,2019-03-24,49.96,5.9479E+12
New Raymond,2019-02-01,35.6,2.2501E+11
East Danielview,2019-05-04,40.02,3.64076E+12
Brandonfort,2019-04-19,44.24,1.39834E+12
New Olivia,2019-04-10,48.31,4.54321E+12
Myersshire,2019-02-15,40.6,5.02301E+12
Davidfurt,2019-02-01,20.44,1.85974E+11
Port Shane,2019-02-16,29.99,3.15424E+12
South Brenda,2019-03-08,41.85,6.40043E+12
New Shannonberg,2019-02-26,24.28,5.55904E+11
Lake Scott,2019-02-02,26.45,1.38058E+12
Rodriguezview,2019-02-19,42.1,4.26353E+12
Lake Robertside,2019-03-30,16.53,30234681362
Veronicaberg,2019-03-28,26.01,5.59078E+12
Colemanland,2019-02-16,15.04,4.02729E+12
Myersshire,2019-04-24,26.84,3.89315E+11
New Olivia,2019-05-07,15.41,4.67903E+12
Nicolechester,2019-03-08,26.12,1.5339E+12
South Brenda,2019-04-26,33.74,1.47299E+12
South Teresa,2019-02-23,26.28,7.86503E+12
North Timothy,2019-02-19,22.97,8.11551E+12
Davidfurt,2019-02-03,40.18,8.11698E+12
East Danielview,2019-04-16,42.94,7.30379E+12
Brandonfort,2019-03-16,19.23,4.3587E+12
Lake Robertside,2019-01-23,14.29,2.34289E+12
South Brenda,2019-04-27,30.28,7.027E+12
South Teresa,2019-01-20,30.37,9.59221E+12
East Danielview,2019-03-04,17.89,7.64021E+12
New Shannonberg,2019-05-02,28.99,3.40781E+12
Barronchester,2019-04-28,39.19,9.91774E+12
Barronchester,2019-03-19,46.42,2.88714E+12
West Hannah,2019-02-22,23.36,8.1796E+12
Nicolechester,2019-04-28,34.87,5.10194E+12
Lake Robertside,2019-02-10,20.98,7.33465E+12
Colemanland,2019-02-10,35.76,8.31309E+12
Bethanyland,2019-04-17,28.68,3.15094E+12
East Marymouth,2019-04-09,29.03,8.44287E+12
Rodriguezview,2019-04-22,44.68,1.13954E+12
Colemanland,2019-02-19,23.45,1.22468E+12
Lake Omar,2019-04-13,25.61,3.66779E+12
Davidfurt,2019-04-18,47.3,8.28934E+12
Davidfurt,2019-04-03,21.29,3.93429E+12
New Raymond,2019-03-28,14.75,7.75063E+11
Lake Scott,2019-02-02,17.55,3.94737E+12
Lake Scott,2019-02-22,37.51,2.59185E+12
West Kimmouth,2019-02-02,36.71,6.54813E+12
Davidfurt,2019-05-07,13.05,1.12652E+11
Port Shane,2019-03-27,28.8,4.39958E+12
Lake Ann,2019-05-02,47.44,9.06613E+12
North Timothy,2019-04-24,37.71,4.49908E+12
East Marymouth,2019-02-24,27.38,5.22442E+12
Lake Robertside,2019-01-25,48.81,6.51332E+12
Josephside,2019-02-25,35.8,2.85109E+12
Lake Robertside,2019-01-13,44.66,1.75734E+12
East Marymouth,2019-03-22,14.13,6.50276E+12
South Teresa,2019-01-13,20.93,6.76923E+12
Lake Robertside,2019-04-27,28.29,9.59553E+12
Lake Robertside,2019-04-07,46.5,5.12795E+12
Lake Omar,2019-01-03,14.61,7.11723E+12
Bethanyland,2019-03-23,40.07,6.35881E+11
West Kimmouth,2019-04-29,31.59,8.39023E+12
Lewisland,2019-02-11,30.56,5.32677E+12
Barronchester,2019-04-02,28.55,9.11268E+12
Mezachester,2019-05-07,44.87,6.58787E+12
Rodriguezview,2019-04-07,13.71,4.66612E+12
Lewishaven,2019-04-12,49.15,6.41139E+12
South Brenda,2019-02-18,41.32,9.77307E+12
Lake Omar,2019-04-15,45.64,3.8159E+12
Lewisland,2019-01-30,46.7,9.37453E+12
Nicolechester,2019-01-22,32.03,8.08525E+12
Lake Scott,2019-01-11,23.44,8.55767E+12
Davidfurt,2019-02-05,27.55,6.57488E+12
Port Shane,2019-04-18,12.05,1.54679E+12
Bethanyland,2019-03-14,44.31,5.7853E+11
South Teresa,2019-03-08,42.68,6.55118E+12
Josephside,2019-04-12,37.37,2.63269E+12
Myersshire,2019-04-17,20.51,4.67005E+12
Victoriaport,2019-02-06,45.86,6.84439E+12
Brandonfort,2019-01-30,17.5,6.47722E+12
Bethanyland,2019-03-15,39.66,9.76644E+12
East Marymouth,2019-03-05,25.44,7.45116E+12
North Jeffrey,2019-03-19,31.16,2.45874E+12
Victoriaport,2019-01-29,35.5,2.1861E+12
Mezachester,2019-01-15,16.6,3.35605E+12
Rodriguezview,2019-02-14,30.39,9.18047E+12
West Hannah,2019-02-23,23.5,7.79876E+12
Port Shane,2019-03-17,47.75,1.41742E+12
Colemanland,2019-01-22,46.43,3.16207E+12
Nicolechester,2019-03-28,26.22,1.22825E+11
Josephside,2019-01-02,33.57,8.53093E+12
Lewisland,2019-01-23,26.69,4.36044E+12
South Teresa,2019-02-11,28.64,3.21468E+11
West Kimmouth,2019-02-18,49.38,1.63156E+12
Davidfurt,2019-03-09,26.24,4.65249E+12
North Jeffrey,2019-02-21,22.96,6.85385E+12
East Kentstad,2019-04-10,21.38,9.07891E+12
Brandonfort,2019-04-04,21.56,8.10843E+12
Lewishaven,2019-03-29,14.21,1.26283E+11
East Danielview,2019-04-26,40.76,2.97066E+12
Veronicaberg,2019-04-02,16.63,4.52806E+12
Lake Omar,2019-05-05,12.45,6.3841E+12
Lake Omar,2019-04-13,24.9,9.45408E+12
Josephside,2019-03-18,35.58,5.45261E+12
Port Shane,2019-03-19,40.39,9.10341E+11
Rodriguezview,2019-02-21,36.37,4.98477E+12
East Kentstad,2019-01-10,24.65,7.20195E+12
Brandonfort,2019-03-03,46.01,2.28616E+12
North Timothy,2019-03-17,45.33,1.75842E+12
North Richardhaven,2019-03-19,18.01,2.80427E+12
East Danielview,2019-02-04,38.38,2.52868E+12
Colemanland,2019-04-05,43.91,3.89097E+11
East Marymouth,2019-03-13,27.54,9.78379E+12
Lake Robertside,2019-02-16,47.31,6.26738E+12
North Jeffrey,2019-04-27,20.41,9.03067E+11
East Danielview,2019-03-27,36,1.41074E+12
New Olivia,2019-02-05,35.76,5.89479E+12
Lake Robertside,2019-02-12,20.03,9.62634E+12
South Brenda,2019-03-19,48.98,8.68564E+12
Josephside,2019-04-24,42.58,1.06762E+12
West Kimmouth,2019-03-05,48.2,321833677
Barronchester,2019-04-05,33.5,91435348621
Bethanyland,2019-03-06,13.86,8.57176E+12
Lake Omar,2019-02-20,33.61,2.72136E+12
Williamsonville,2019-04-28,16.96,9.63129E+12
Colemanland,2019-01-19,24.4,6.65256E+12
Port Shane,2019-01-30,49.52,8.26279E+12
West Kimmouth,2019-03-13,18.72,9.38833E+12
Nicolechester,2019-05-05,15.43,8.49665E+12
Mezachester,2019-04-19,29.12,8.89499E+12
New Olivia,2019-03-27,34.54,4.64297E+12
East Danielview,2019-01-25,48.32,1.83167E+12
Brandonfort,2019-04-15,47.17,7.38801E+12
Port Shane,2019-04-03,15.59,1.27446E+11
Colemanland,2019-05-04,12.62,4.90271E+12
South Teresa,2019-03-05,32.29,4.98169E+12
South Brenda,2019-04-25,23.6,1.78402E+12
East Aaronbury,2019-04-11,34.4,6.54091E+12
Sotoville,2019-03-13,14.36,8.62953E+12
West Hannah,2019-01-21,41.95,16507766547
South Teresa,2019-03-09,25.08,8.13631E+12
Bethanyland,2019-04-02,34.38,1.78385E+12
West Hannah,2019-03-02,13.92,7.38894E+12
Lake Robertside,2019-04-03,12.76,1.30176E+12
Colemanland,2019-01-10,27.7,8.70407E+12
East Marymouth,2019-02-12,47.41,7.40966E+12
New Raymond,2019-02-11,17.97,7.55167E+12
Randallchester,2019-04-13,43.22,1.07608E+12
North Holly,2019-02-02,12.42,1.98526E+12
Michaelberg,2019-03-27,54.85,4.42184E+12
Lake Latoyabury,2019-02-23,47.9,3.26965E+12
Lake Latoyabury,2019-05-06,51.8,4.01803E+12
Taylorhaven,2019-04-06,45.31,2.27536E+12
Garzaport,2019-02-18,36.16,2.92834E+12
New Ryantown,2019-01-27,42.68,7.9946E+12
Lake Latoyabury,2019-04-02,13.46,8.23286E+12
North Holly,2019-02-16,39.46,4.57148E+12
Bradshawfurt,2019-03-06,19.74,6.08037E+12
South Marychester,2019-02-19,32.72,1.48175E+12
Bradshawfurt,2019-03-24,57.51,2.302E+12
Lake Latoyabury,2019-01-22,13.5,8.49334E+12
South Marychester,2019-01-02,52.12,3.45402E+12
Jessicaport,2019-01-01,43.69,2.42488E+12
South Jennifer,2019-04-01,21.63,9.13598E+12
South Marychester,2019-02-21,55.4,8.82236E+12
South Saramouth,2019-02-20,44.29,3.62237E+12
Lake Latoyabury,2019-04-22,38.46,1.67192E+12
Lake Jamie,2019-03-13,26.09,1.59916E+12
Newtonview,2019-01-08,19.39,5.35035E+12
Michaelberg,2019-01-18,15.12,1.0317E+12
Jessicaport,2019-01-14,18.05,5.40536E+12
South Marychester,2019-01-15,30.26,3.83706E+12
North Jaime,2019-03-06,44.17,1.1522E+12
Penaborough,2019-02-24,21.89,2.06931E+12
North Jaime,2019-03-12,23.21,5.98745E+12
Lake Latoyabury,2019-04-16,24.1,4.89603E+12
South Jennifer,2019-03-07,48.79,9.73063E+12
Taylorhaven,2019-03-05,38.18,8.55532E+12
Jessicaport,2019-04-13,39.89,6.51124E+12
South Marychester,2019-03-27,34.42,4.23015E+12
Penaborough,2019-04-27,38.33,5.47014E+11
New Ryantown,2019-04-18,42.97,2.30914E+11
North Jaime,2019-04-04,51.83,9.11605E+12
Harringtonfort,2019-01-06,47.33,3.84975E+12
South Jennifer,2019-04-05,32.2,6.83984E+11
North Holly,2019-01-04,24.88,4.19562E+12
Newtonview,2019-02-05,45.02,7.07537E+12
Randallchester,2019-02-19,58.55,8.0048E+12
Bradshawfurt,2019-03-24,19.89,7.8674E+12
South Marychester,2019-02-25,54.66,3.13756E+12
Bradshawfurt,2019-02-18,34.32,8.882E+12
Bradshawfurt,2019-04-08,55.19,1.74295E+12
Jessicaport,2019-03-18,33.72,3.04689E+12
Michaelberg,2019-03-27,38.62,3.64152E+11
West Heather,2019-03-12,26.55,7.03585E+12
Garzaport,2019-04-17,17.31,6.09241E+12
North Jaime,2019-02-01,17.05,9.48112E+12
New Ryantown,2019-02-04,45.7,3.57043E+12
North Holly,2019-04-21,18.54,6.25909E+12
West Heather,2019-02-22,17.4,8.70249E+12
Taylorhaven,2019-04-03,38.92,8.30045E+12
Bradshawfurt,2019-04-07,49.7,5.08881E+12
Michaelberg,2019-01-11,16.42,8.80056E+12
Michaelberg,2019-04-22,19.27,26848733115
North Holly,2019-03-28,35.45,3.26249E+12
North Jaime,2019-05-06,41.18,7.32809E+12
North Jaime,2019-04-04,43.86,8.19544E+12
South Marychester,2019-04-23,25.94,2.93662E+12
North Holly,2019-01-23,40.24,3.92187E+12
Michaelberg,2019-05-02,52.71,5.64953E+12
West Heather,2019-02-22,33.38,5.55169E+12
Bradshawfurt,2019-02-23,37.05,2.06842E+12
Penaborough,2019-01-14,54.1,4.32926E+11
New Ryantown,2019-04-30,50.81,5.35755E+12
Michaelberg,2019-01-19,38.68,1.03218E+11
Taylorhaven,2019-04-01,54.65,9.09806E+12
South Jennifer,2019-04-02,14.11,3.82827E+12
Bradshawfurt,2019-04-10,19.07,7.39305E+11
Taylorhaven,2019-03-05,29.45,2.15938E+12
Harringtonfort,2019-02-17,30.58,6.83514E+12
Randallchester,2019-02-11,25.78,9.01061E+12
New Ryantown,2019-04-05,50.98,4.83486E+12
Penaborough,2019-02-03,51.8,5.38343E+12
South Jennifer,2019-04-10,43.25,6.23929E+11
Lake Jamie,2019-04-30,37.33,6.75548E+12
Harringtonfort,2019-04-16,17.39,4.02396E+12
South Jennifer,2019-01-30,37.05,9.54538E+12
Bradshawfurt,2019-01-19,56.78,1.2534E+12
Jessicaport,2019-05-01,22.44,3.72528E+12
Lake Latoyabury,2019-03-29,13.84,7.90686E+12
Lake Jamie,2019-01-18,43.57,1.17496E+12
Randallchester,2019-03-25,10.37,3.21638E+12
Harringtonfort,2019-03-10,19.02,6.71731E+12
Lake Latoyabury,2019-01-24,34.74,5.96267E+12
Taylorhaven,2019-04-02,47.07,8.57315E+12
South Jennifer,2019-03-11,49.82,1.14534E+12
Harringtonfort,2019-02-26,54.66,9.20159E+12
Newtonview,2019-04-01,26.73,3.72353E+12
Michaelberg,2019-03-10,56.48,3.75707E+12
Penaborough,2019-01-22,10.11,4.12993E+12
Lake Latoyabury,2019-04-14,11.94,2.04067E+12
North Jaime,2019-04-27,14.01,2.15669E+12
West Heather,2019-02-04,13.97,7.11889E+12
West Heather,2019-04-18,46.6,3.671E+12
West Heather,2019-03-02,20.99,5.76645E+12
South Saramouth,2019-01-28,31.25,7.11805E+12
West Heather,2019-03-06,48.11,2.57055E+12
Garzaport,2019-05-06,18.9,8.8267E+12
South Saramouth,2019-03-27,11.87,1.70352E+11
Randallchester,2019-04-07,10.79,1.61547E+12
Harringtonfort,2019-01-09,31.84,3.73069E+12
South Saramouth,2019-04-12,57.23,5.0812E+12
North Holly,2019-01-03,19.9,5.55951E+12
New Ryantown,2019-05-05,26.53,2.30221E+12
West Heather,2019-02-02,53.07,2.46295E+12
Lake Latoyabury,2019-02-25,16.18,8.49292E+12
South Marychester,2019-01-19,49.44,90058815985
Jessicaport,2019-01-31,58.29,6.23155E+11
Michaelberg,2019-03-22,38.3,8.03273E+12
North Holly,2019-04-18,30.94,3.44106E+12
Michaelberg,2019-03-13,37.72,8.84261E+12
Lake Jamie,2019-02-25,28.65,5.81576E+12
Lake Jamie,2019-04-19,16.29,3.51868E+12
North Holly,2019-03-18,40.34,3.78778E+12
Michaelberg,2019-01-27,38.42,8.62622E+11
Lake Jamie,2019-04-29,54.22,2.48926E+12
Bradshawfurt,2019-01-30,51.39,1.32827E+12
Michaelberg,2019-04-29,13.38,8.55037E+12
Lake Latoyabury,2019-01-30,20.76,9.01873E+12
North Jaime,2019-02-10,11.11,2.78134E+12
West Heather,2019-05-07,44.94,4.25685E+12
Newtonview,2019-04-25,55.84,9.99058E+12
